timestamp,from,to,amount,hash
2025-08-05 19:32:48,TZ5WLx7wxWHmrbnMPY8pto3sUKaCjJJzsG,TRYtrEkTFiZbuuzt7o7ac7TVeEC5PLsnQa,418.453614,e969345fbd8bebaade336fe172ec09b86ce4cf66bef6c09829673898ab97c3c1
2025-08-05 19:32:06,TAbVpbo5L5UeWfNdpPd4FN5HVkHK4oMJGM,TRYtrEkTFiZbuuzt7o7ac7TVeEC5PLsnQa,299.000005,23e9b81a2d67823a7f68613aeac5d47843608d8fc7bd71fc3d3ccb33c9e4624b
2025-08-05 19:32:03,TD169TFwURZKGt8U6iJqeaqqGpafF178yH,TRYtrEkTFiZbuuzt7o7ac7TVeEC5PLsnQa,317.777355,ee526d341e7d92707303d2f3b26932f15579ab9b7f1904a0070ef001fd8c0e95
2025-08-05 19:31:42,TRcjoNkcEexnQdYC89zKb3Hgc6xsoTVhwV,TRYtrEkTFiZbuuzt7o7ac7TVeEC5PLsnQa,681.811259,61ad227b6c9ebb52d7664efd034866d093cb3a27ffb9e1439a9fbd48ee5433cf
2025-08-05 19:31:30,TFXaWwGXeaHAW47k3jXR2hAiVVaTN1MDKu,TRYtrEkTFiZbuuzt7o7ac7TVeEC5PLsnQa,616.382002,4e8a4495d49b9fb31afc7a69d1a861b6a883556cf16d42e6ffadca5667c7bc3b
2025-08-05 19:30:18,TRYtrEkTFiZbuuzt7o7ac7TVeEC5PLsnQa,TR7NHqjeKQxGTCi8q8ZY4pL8otSzgjLj6t,0.0,c02a93b17a672a8e0ae9fe105945b56130388805725ca9d671b25f2698bce972
2025-08-05 19:25:30,TRYtrEkTFiZbuuzt7o7ac7TVeEC5PLsnQa,TR7NHqjeKQxGTCi8q8ZY4pL8otSzgjLj6t,0.0,00da0abb04944dd0b561f0fbb72270f5deaef0bd7326f1f521b9586d50197e2d
2025-08-05 19:25:30,TRYtrEkTFiZbuuzt7o7ac7TVeEC5PLsnQa,TR7NHqjeKQxGTCi8q8ZY4pL8otSzgjLj6t,0.0,630218b30a3374821606136a985178866acf0b62f96030edd280b80511ed1051
2025-08-05 19:25:27,TRYtrEkTFiZbuuzt7o7ac7TVeEC5PLsnQa,TR7NHqjeKQxGTCi8q8ZY4pL8otSzgjLj6t,0.0,d41fa7e1aaa13473a553e87ff53ea89d85bcb68b2c0c8e77c8c8bf5761dc7448
2025-08-05 19:25:24,TRYtrEkTFiZbuuzt7o7ac7TVeEC5PLsnQa,TR7NHqjeKQxGTCi8q8ZY4pL8otSzgjLj6t,0.0,a0f1d3bd624477f972ed64f9ab039b49c66b4a6ef108a10ef46f9c1a5867f184
2025-08-05 19:25:21,TRYtrEkTFiZbuuzt7o7ac7TVeEC5PLsnQa,TR7NHqjeKQxGTCi8q8ZY4pL8otSzgjLj6t,0.0,add447c28e8beb0e667c9434aa9aa2061ecf1fbf20eab7458af3f26cd6198f49
2025-08-05 19:25:21,TRYtrEkTFiZbuuzt7o7ac7TVeEC5PLsnQa,TR7NHqjeKQxGTCi8q8ZY4pL8otSzgjLj6t,0.0,53af5065d278c43bfa2edbf8c77a9d97874229036e490c6ce3dfcccdb11d8717
2025-08-05 19:25:00,TCEHQ3FFsRUxBGhKsH9pXtgwaA1PWQ2ahZ,TRYtrEkTFiZbuuzt7o7ac7TVeEC5PLsnQa,656.371775,281d77b1172f4d771725e1daa40aab51d96cd9886a8e3e33ff271380e94b4d1d
2025-08-05 19:24:33,TLpBTg77FaJXeVnoqEj6TtPUkcgTyeMiM1,TRYtrEkTFiZbuuzt7o7ac7TVeEC5PLsnQa,29.000001,6e811c955f834c82a55679396d880ab5d401c5601bc74a3a50ba03d2baa09053
2025-08-05 19:24:30,TWFoXY21Dg2FeSnUggr3pMaT4LpbJ8NxGQ,TRYtrEkTFiZbuuzt7o7ac7TVeEC5PLsnQa,29.000002,a10c07ec4db71404338e8dc63e8e60f5c71d10452a7ea59dae7b837142d1de81
2025-08-05 19:24:03,TUv1h43BCX5bu7vQ4JEg359s3dbP39HuSj,TRYtrEkTFiZbuuzt7o7ac7TVeEC5PLsnQa,43.068933,dc14ce86e54c7916ed4fdbe3e8d5731142a3f6e40313cd87e8d75884aaba1738
2025-08-05 19:23:15,TK2Y2gUtPjTAJSybdBBCCRwpoB3x7msvEC,TRYtrEkTFiZbuuzt7o7ac7TVeEC5PLsnQa,99.460786,ec9d8bc1718fdc44a023ed5d24613ac500cddd4c1a0d002ef478f1e4711674c6
2025-08-05 19:22:39,TKiZJov7cG8WJbccjkcUtBiu16UtFFzbyB,TRYtrEkTFiZbuuzt7o7ac7TVeEC5PLsnQa,157.230068,b31f78261e700844b46bc6f157f7cab50e37a6794c24606ee4edf2d81bf7ecfd
2025-08-05 19:16:24,TRYtrEkTFiZbuuzt7o7ac7TVeEC5PLsnQa,TR7NHqjeKQxGTCi8q8ZY4pL8otSzgjLj6t,0.0,05314922b0dc9e086977069b90da5478a1f8c551853d5752f95d31b811d47a46
2025-08-05 19:15:15,TRYtrEkTFiZbuuzt7o7ac7TVeEC5PLsnQa,TR7NHqjeKQxGTCi8q8ZY4pL8otSzgjLj6t,0.0,69f32e4ed4ec46e087429ae9d4370cbd38d4e75824cf6595e6a00399d18d1f84
2025-08-05 19:12:36,TJy8M3oyxqkFcMerg7EqvtCFG8LxjNoZ6d,TRYtrEkTFiZbuuzt7o7ac7TVeEC5PLsnQa,146.051191,5ea8b41e9c6432a5b9d4dad63886f49ac0005d0872974457337e42d37e4ea43f
2025-08-05 19:10:42,TFc95p3M5kPGrErNq56Gzf4UykEEnu44jK,TRYtrEkTFiZbuuzt7o7ac7TVeEC5PLsnQa,1e-06,bb7301edab21600a7bd8fa3577e5699b47033914783b21e0b180816cebc65ff5
2025-08-05 19:10:03,TRYtrEkTFiZbuuzt7o7ac7TVeEC5PLsnQa,TMuAFEbahMYiGpVVhJY7ebU7Ad19w38BbX,200738.500582,79921148c8fd3c9ac516beb32ad62475a03356655d591627f354d1396cc9b62b
2025-08-05 19:05:45,TRYtrEkTFiZbuuzt7o7ac7TVeEC5PLsnQa,TR7NHqjeKQxGTCi8q8ZY4pL8otSzgjLj6t,0.0,e2654a307ed80e81ddfb2fb060d5f7224e8c78f0f74417ab1d4f22171befb20e
2025-08-05 19:05:42,TRYtrEkTFiZbuuzt7o7ac7TVeEC5PLsnQa,TR7NHqjeKQxGTCi8q8ZY4pL8otSzgjLj6t,0.0,63e1200b80e465fd0d3c0fd2d7d797f715cbd5b166b7e4e334afba21e2eb0c66
2025-08-05 19:05:39,TRYtrEkTFiZbuuzt7o7ac7TVeEC5PLsnQa,TR7NHqjeKQxGTCi8q8ZY4pL8otSzgjLj6t,0.0,130251e859ca04a7206da18fcf942da09f415e3f21718a57a4b500e1cbe31e78
2025-08-05 19:05:36,TRYtrEkTFiZbuuzt7o7ac7TVeEC5PLsnQa,TR7NHqjeKQxGTCi8q8ZY4pL8otSzgjLj6t,0.0,582326c944e93c52659d7273f1ed9baea3f63a1857ed8e44db88d0413d0144e9
2025-08-05 19:05:36,TRYtrEkTFiZbuuzt7o7ac7TVeEC5PLsnQa,TR7NHqjeKQxGTCi8q8ZY4pL8otSzgjLj6t,0.0,277b90add49a0a0e8225937461c6408fe24da43c3151f7709e02740be3a3de02
2025-08-05 19:05:33,TRYtrEkTFiZbuuzt7o7ac7TVeEC5PLsnQa,TR7NHqjeKQxGTCi8q8ZY4pL8otSzgjLj6t,0.0,f20437df5bc0f1e134c2459da930ef52c9b5ad709b933530a9cc7db90ee53269
2025-08-05 19:05:30,TRYtrEkTFiZbuuzt7o7ac7TVeEC5PLsnQa,TR7NHqjeKQxGTCi8q8ZY4pL8otSzgjLj6t,0.0,4d49337e0b64ec9ff6111956afb7b79ad1ba5b69f5f2ac3fe8d93436f5f7951b
2025-08-05 19:05:27,TRYtrEkTFiZbuuzt7o7ac7TVeEC5PLsnQa,TR7NHqjeKQxGTCi8q8ZY4pL8otSzgjLj6t,0.0,70cb7a216c9c389f0cc27090878574f6a5f8119e731b85ec130136827be128f2
2025-08-05 19:05:21,TRCMGwCwP2r9zMxxdYUqWVtTE1Bw9kEPfR,TRYtrEkTFiZbuuzt7o7ac7TVeEC5PLsnQa,50.76771,34048179b60bddbcf6e2e3ce419dc46ec482a73c535a22e979f5a284c098ab8e
2025-08-05 19:04:27,TAvt8Wyc9wjKK9qSXYRsVFwzwqVxZCN3hb,TRYtrEkTFiZbuuzt7o7ac7TVeEC5PLsnQa,33.156877,67fe42ca653f572e72aef6ab89253dfdd81ae357bcba2ea5821d8eceedc89d71
2025-08-05 19:04:21,TQuuZETk5YkbvKcwuyG1WraT6kMca4Rqk7,TRYtrEkTFiZbuuzt7o7ac7TVeEC5PLsnQa,41.47803,20e629553e16011eaa30034cc89b0bc14705dd6ee77a64d58ee7dd2f17b89288
2025-08-05 19:04:06,TG6WW5wHd5BpbopX3Vjxgw37Yko6u8hz1J,TRYtrEkTFiZbuuzt7o7ac7TVeEC5PLsnQa,50.938405,41bae868470fbf51403076778547d33096c68d29df5be6753168a9b864f0e03d
2025-08-05 19:03:54,TVUwM3e5ATPK5yFkm5ZzmtE9VFFeu2bvfB,TRYtrEkTFiZbuuzt7o7ac7TVeEC5PLsnQa,259.987333,34bb17f58177abb2cae1cfddb4bda5b411ecacafbf4b78d127155415e09abe06
2025-08-05 19:03:24,TKWgyhec7R78gjU8xJdBVRG8pjK1d85JZU,TRYtrEkTFiZbuuzt7o7ac7TVeEC5PLsnQa,91.958747,317f1d102eb9e49a37d434f45fc80ae254f961493d763a69cb436a68ac70f31e
2025-08-05 19:03:15,TFoh7Wq8PDic6vEuWhoTQ9VEKrQsfBVpcx,TRYtrEkTFiZbuuzt7o7ac7TVeEC5PLsnQa,100.000001,c74fb95af3e07cd491be8e4179af229f01f683aad2c8567a55fd0b292cd7fb8c
2025-08-05 19:03:09,TQi1KgaKUB8c9zo2HXzBRjcXDtGjFmhqEa,TRYtrEkTFiZbuuzt7o7ac7TVeEC5PLsnQa,100.997901,551feb6eb066bd5c003701aeba1b1b604e378058cce606798744fedcc2d37691
2025-08-05 19:02:33,TBissDmddzguGGiSfnr2YvD1nGtxftDmTj,TRYtrEkTFiZbuuzt7o7ac7TVeEC5PLsnQa,168.662414,4ea69cdb3dad2249e06d7dc5cc3f4d85766865c69a719b2a2f306e8468191a21
2025-08-05 18:50:45,TB43E8jqJPTxwEnXmFX3bBoYi8jYeZGM2Q,TRYtrEkTFiZbuuzt7o7ac7TVeEC5PLsnQa,896.199955,8a259f2062d8dc0261ebcf02b5afd2f79f9536ca697364a7c46c1af76944a967
2025-08-05 18:49:48,TDnnWwSkk4wayzxwCSYSiB2JAHCdsbDbNE,TRYtrEkTFiZbuuzt7o7ac7TVeEC5PLsnQa,1494.193802,b29ecea77aaad936b56379e24cde79b5ff5619e62d121862ebccac4a8dcaa0c5
2025-08-05 18:47:15,TRYtrEkTFiZbuuzt7o7ac7TVeEC5PLsnQa,TR7NHqjeKQxGTCi8q8ZY4pL8otSzgjLj6t,0.0,78cf09380972dbba5bb3ebc4622ee483335cd5c036979af1b4f6655961fdfb21
2025-08-05 18:45:57,TRYtrEkTFiZbuuzt7o7ac7TVeEC5PLsnQa,TR7NHqjeKQxGTCi8q8ZY4pL8otSzgjLj6t,0.0,240ec5cc5ddd2ecf9ec449062e0bb76029422b703b4bccc42d97bf59318554e9
2025-08-05 18:45:57,TRYtrEkTFiZbuuzt7o7ac7TVeEC5PLsnQa,TR7NHqjeKQxGTCi8q8ZY4pL8otSzgjLj6t,0.0,809dd09284428e8960780dc90ec63341fe386b63d1ad9abb8ccdc4e35f313acb
2025-08-05 18:45:54,TRYtrEkTFiZbuuzt7o7ac7TVeEC5PLsnQa,TR7NHqjeKQxGTCi8q8ZY4pL8otSzgjLj6t,0.0,8609afab32e8e213dbf8bb07384b9dc010a07c4e18da9e424c8b4220f56fd38a
2025-08-05 18:45:51,TRYtrEkTFiZbuuzt7o7ac7TVeEC5PLsnQa,TR7NHqjeKQxGTCi8q8ZY4pL8otSzgjLj6t,0.0,10dee3a9524f72b12d13badf30b35bd2b59f493e5fa9696c550df259a4f11caa
2025-08-05 18:45:48,TRYtrEkTFiZbuuzt7o7ac7TVeEC5PLsnQa,TR7NHqjeKQxGTCi8q8ZY4pL8otSzgjLj6t,0.0,f1a4e9bd31a88def75b0efee095d0c9cd2be7349a953d6fce1ec6d3f108f9d6e
2025-08-05 18:45:42,TUFPurCHBZdJuuraJXK9DGVYdGKeMMP5Hu,TRYtrEkTFiZbuuzt7o7ac7TVeEC5PLsnQa,50.76771,01ab19298dac27ea778e7c8afa3d0e4a7c4c579c0ac26e4eb1ce8bde46d61661
2025-08-05 18:45:15,TFgvnYXJGvqzdUuLc7UwRXQk46AjUHTg8q,TRYtrEkTFiZbuuzt7o7ac7TVeEC5PLsnQa,18.530338,dac00847f8b191ca40844140d00da03f7757b7e7baea0ecb662d59f90faf5f4f
2025-08-05 18:45:09,TBwvKZC2DTocZ1MKTZeLvSFXu21zyY1SNT,TRYtrEkTFiZbuuzt7o7ac7TVeEC5PLsnQa,25.437906,3187eca2e0bd173ac2502087a47cc029109e9132a08d8b48c1d9d53434de5be8
2025-08-05 18:44:42,TKCHTeeMgBYEDJowg8BErkDHsLxgtGXnn7,TRYtrEkTFiZbuuzt7o7ac7TVeEC5PLsnQa,40.566139,996b7090e45fcc054abdabd873142a9986ad652e9b20f4aaf8aac74ce2fceab9
2025-08-05 18:44:24,TBdE3QAFvA9fzFrSz3MaTdbsNWAeVox6TC,TRYtrEkTFiZbuuzt7o7ac7TVeEC5PLsnQa,50.248702,3da0c53ffa8ce160dd2cee6beb864af24825b91349e596a1d8a5d75f13d0ca9e
2025-08-05 18:44:18,TETW17aaPyfjQNSsMNj1b5LAvyGccWnTMX,TRYtrEkTFiZbuuzt7o7ac7TVeEC5PLsnQa,56.142801,f35fa07f28f3a1ba0907eba70d7bb24f1112404d5b8226f5aaf6a2888258dd2b
2025-08-05 18:43:48,TUshC1Zu9HDwZmvBu9doiV24hAUv6m5174,TRYtrEkTFiZbuuzt7o7ac7TVeEC5PLsnQa,76.000001,975fc2c9a0d34587a836688734b37f3d08b6b10d589c0d71e397af568632b44e
2025-08-05 18:43:18,TMgQwwjAEsEGBP5PykyuVP1e7cyvAVJ2wq,TRYtrEkTFiZbuuzt7o7ac7TVeEC5PLsnQa,234.413352,19949b6390ac3b2c504f814f9d50a8803470b6a7e672013282eb0d29f5074f1b
2025-08-05 18:42:51,TXcyFLRWdqCeHgJHaWE55VzswgsRqLovCA,TRYtrEkTFiZbuuzt7o7ac7TVeEC5PLsnQa,153.737355,995f35be5c470f1335b925e101986c0c829d9938b3b16e1248ae64cec63eaba6
2025-08-05 18:42:18,TGTYwW7cFFRCpBzUhLRXd1nKaxF13UJt1B,TRYtrEkTFiZbuuzt7o7ac7TVeEC5PLsnQa,237.895867,c25c677a390675e4e86943032cbb5fa0625777a30dc23a55fd6be3f65f21652a
2025-08-05 18:42:12,TTaeStLtsTPc6TEjfHVZAm7CKYzQFu59L5,TRYtrEkTFiZbuuzt7o7ac7TVeEC5PLsnQa,245.159194,bc8c8af1f9c757fd407f8a46611264bd64bf3bbb2e389642bc0494dfcef9c21c
2025-08-05 18:41:39,TA36n9x17r4bAoiLV3iDJQFdB53ZZ2vDwB,TRYtrEkTFiZbuuzt7o7ac7TVeEC5PLsnQa,2355.565451,ef87cb3379d618c2ea254d3fc93274a2f64f522cc4b382c56803591f5f5a53ff
2025-08-05 18:15:27,TRYtrEkTFiZbuuzt7o7ac7TVeEC5PLsnQa,TR7NHqjeKQxGTCi8q8ZY4pL8otSzgjLj6t,0.0,d0cffca4820aed777b088c4543272cd3320ecfcc77b9b65c6d92fd97d24be0d9
2025-08-05 18:15:27,TRYtrEkTFiZbuuzt7o7ac7TVeEC5PLsnQa,TR7NHqjeKQxGTCi8q8ZY4pL8otSzgjLj6t,0.0,112536ad3ef986dc086701db873b3ce682cb33dad11f0d1c9acd43136c02ae80
2025-08-05 18:15:24,TRYtrEkTFiZbuuzt7o7ac7TVeEC5PLsnQa,TR7NHqjeKQxGTCi8q8ZY4pL8otSzgjLj6t,0.0,b94f31da073ff44b60dcc91de147f974ad7a5093e3e5d82f2cb73ba542ca28d2
2025-08-05 18:15:21,TRYtrEkTFiZbuuzt7o7ac7TVeEC5PLsnQa,TR7NHqjeKQxGTCi8q8ZY4pL8otSzgjLj6t,0.0,454ce141a10b8df375d6b001f057d8ecf80ea4bc2346bf6a374edb4cc7557762
2025-08-05 18:15:21,TRYtrEkTFiZbuuzt7o7ac7TVeEC5PLsnQa,TR7NHqjeKQxGTCi8q8ZY4pL8otSzgjLj6t,0.0,724a6883bbbab25e07b514844875570d3ddf068210d1c7a6d20ab29521411089
2025-08-05 18:15:21,TRYtrEkTFiZbuuzt7o7ac7TVeEC5PLsnQa,TR7NHqjeKQxGTCi8q8ZY4pL8otSzgjLj6t,0.0,da56da98afeac753877e4f7549611e06aedac4449d13c936b65c8d26a83a5ccc
2025-08-05 18:15:15,TRYtrEkTFiZbuuzt7o7ac7TVeEC5PLsnQa,TR7NHqjeKQxGTCi8q8ZY4pL8otSzgjLj6t,0.0,abed4de6aefca71f184db95125f2eacb71aa249f650a9b9c8788434362d6a866
2025-08-05 18:13:54,TMP59Xd2qj6U7a8vu6bA81Jx9UQ3ooAooJ,TRYtrEkTFiZbuuzt7o7ac7TVeEC5PLsnQa,44.3763,8ed434475c4969b54815c96790595a2edf2c44be67987eb48967a578e7f27494
2025-08-05 18:13:42,TFbZYoiKUaPLgaWAVsTfkE3GStWWsDwVT5,TRYtrEkTFiZbuuzt7o7ac7TVeEC5PLsnQa,53.145802,2cc1f687c0fc4fbcb77d30e01c065fed0f2b912f304c75bd1f29b893499a115e
2025-08-05 18:13:36,TBdE3QAFvA9fzFrSz3MaTdbsNWAeVox6TC,TRYtrEkTFiZbuuzt7o7ac7TVeEC5PLsnQa,59.939001,392f89c92fb20a22431a04ab85f34db70b5f42722e986f5c47086c945706e29a
2025-08-05 18:12:36,TMBQSGmKtf1QSyY5NpF3vayjq7EHfeEiem,TRYtrEkTFiZbuuzt7o7ac7TVeEC5PLsnQa,131.000502,7b54c0e5a9d59519fad6aaaa26ac80402fbfe851efe8e818307acb1a5d7c49d8
2025-08-05 18:12:06,TRSUsdHpY9hL9sXn2XB1pn961HRx8mSw9p,TRYtrEkTFiZbuuzt7o7ac7TVeEC5PLsnQa,186.0,63dba790afdc7ec528210d06b23436651ed74f256826c0a90a13ca4012636def
2025-08-05 18:11:30,TUMKKXbomjybz5XzqCdS2HZrHf39pNc2MU,TRYtrEkTFiZbuuzt7o7ac7TVeEC5PLsnQa,834.370831,a4f469136446e137d0c2bcb2d1f69e0c23850da73de999da3e33fb99d8ce275d
2025-08-05 18:10:27,TPo4o2zMLqR4Lo1XVSWZmQZRKYePzg64X8,TRYtrEkTFiZbuuzt7o7ac7TVeEC5PLsnQa,518.401799,e1b0413a15856724818a2986adbfd0abba813685eb56131423902c9ca0d61d29
2025-08-05 18:09:42,TQRW7DQYuucqpKFUkR1Ev4G47Kjk5uR1Re,TRYtrEkTFiZbuuzt7o7ac7TVeEC5PLsnQa,2593.55589,e4fe81a13d28165f5be288c62e8d31d70b462233c4beb77dc90aa8de58fefbaf
2025-08-05 18:09:33,TJqRC2aQ4EmRXX4XqBWE5kc3T7YYmYoBbX,TRYtrEkTFiZbuuzt7o7ac7TVeEC5PLsnQa,2e-06,23b23f1923c6370e4f6a0b01800c9f1723cc7364c92769f24409bcd1d87e0ca8
2025-08-05 18:09:18,TRYtrEkTFiZbuuzt7o7ac7TVeEC5PLsnQa,TR7NHqjeKQxGTCi8q8ZY4pL8otSzgjLj6t,0.0,74ddf4b111bdda29e1b4e306fa41d292816b1c611e95da4b0d63f747bc17772c
2025-08-05 18:06:51,TRYtrEkTFiZbuuzt7o7ac7TVeEC5PLsnQa,TR7NHqjeKQxGTCi8q8ZY4pL8otSzgjLj6t,0.0,a3fed0067007ca7b826e5dc99f5b384dde030f2d6fce190a8d2b57d694130c3f
2025-08-05 18:05:33,TRYtrEkTFiZbuuzt7o7ac7TVeEC5PLsnQa,TR7NHqjeKQxGTCi8q8ZY4pL8otSzgjLj6t,0.0,8531507162456a2755d3b9812c0824b68cf9176d78809511080d47789de58202
2025-08-05 18:05:30,TRYtrEkTFiZbuuzt7o7ac7TVeEC5PLsnQa,TR7NHqjeKQxGTCi8q8ZY4pL8otSzgjLj6t,0.0,bcdc1674d0647d48a1eec8d7ca41806375cd8482e4b1fc3867dfc6d3b2b2f4fd
2025-08-05 17:50:57,TLtLrqvkk3DrakoXtty5NcY3U6hpWop8YQ,TRYtrEkTFiZbuuzt7o7ac7TVeEC5PLsnQa,552.783184,85b010b0ccfe8730a9a1f3d42b953a18ca0698461afdd70f57cd6e25bda89ad5
2025-08-05 17:50:45,TCg2LLnQ6YJwmJBqyzWKPaf8MwLftrqRfM,TRYtrEkTFiZbuuzt7o7ac7TVeEC5PLsnQa,337.93,173d7857ed49dd4132f3fffd292dadb87faeb1264da77d7792da01d95843afbd
2025-08-05 17:50:30,TAs8jTN2s88gobcLKe9DcWLXnX1eLPC4ZF,TRYtrEkTFiZbuuzt7o7ac7TVeEC5PLsnQa,424.339838,1bb76555f331cc9ca6a825c3ff6b892b65b9fb8f060e39c66d7e27db17a61cfb
2025-08-05 17:50:18,THB4B8vTg2oKeSrkSnVFAihU3AjpxsvmSM,TRYtrEkTFiZbuuzt7o7ac7TVeEC5PLsnQa,490.008707,a41a7342856addfa0087e45abdf0ca6f878140a2c4d7209047af9902c1ebec26
2025-08-05 17:49:45,TP4pHnFHJqZNYGdcXqwtS98mP6RVXw3KLg,TRYtrEkTFiZbuuzt7o7ac7TVeEC5PLsnQa,748.731001,e396759ab5a2b766ce4a76f9c3f0f1e0707412b923aa8642fd86fd6b59f078ab
2025-08-05 17:49:33,TPV8cQw3XsRL1DHRc3JLMYM3xpgvUauiSH,TRYtrEkTFiZbuuzt7o7ac7TVeEC5PLsnQa,1455.000007,83a07b6dc567a2933d4c0acccfa508895305030236c484be0d8eebff012547a5
2025-08-05 17:46:00,TMJnMJrZdFpXdUBo1cSkcsyxkTVeAR5qaG,TRYtrEkTFiZbuuzt7o7ac7TVeEC5PLsnQa,1e-06,aad3174b7cc153a30fce787980196e2b60e6ae984249d15ef92051d73b04f152
2025-08-05 17:45:21,TRYtrEkTFiZbuuzt7o7ac7TVeEC5PLsnQa,TUFPurCHBZdJuuraJXK9DGVYdGKeMMP5Hu,35.859075,d2acddf02683e92228b0b65fa5bacd47dcc86dd254bbc2881b72e5811bf00466
2025-08-05 17:45:18,TRYtrEkTFiZbuuzt7o7ac7TVeEC5PLsnQa,TR7NHqjeKQxGTCi8q8ZY4pL8otSzgjLj6t,0.0,6194e3c38e81a0a82b9200bb0118581b54db1cc5231ddc365ed6331fc4afe258
2025-08-05 17:45:15,TRYtrEkTFiZbuuzt7o7ac7TVeEC5PLsnQa,TR7NHqjeKQxGTCi8q8ZY4pL8otSzgjLj6t,0.0,81fd71c7798de287ce8a65a85a5b5e62b8640a54f14651c0a8a4f2fc4d5581ba
2025-08-05 17:45:12,TRYtrEkTFiZbuuzt7o7ac7TVeEC5PLsnQa,TR7NHqjeKQxGTCi8q8ZY4pL8otSzgjLj6t,0.0,8ce693c4a6bb3231886bcdefcdcb9cf9c34d7414bc6060a10ea708534459ab0a
2025-08-05 17:45:12,TRYtrEkTFiZbuuzt7o7ac7TVeEC5PLsnQa,TR7NHqjeKQxGTCi8q8ZY4pL8otSzgjLj6t,0.0,80952ab638cf3c5660b36c7ca8bb1e8385918a235fd7de4109bb9980b167aca6
2025-08-05 17:45:09,TRYtrEkTFiZbuuzt7o7ac7TVeEC5PLsnQa,TRCMGwCwP2r9zMxxdYUqWVtTE1Bw9kEPfR,35.859075,059ada04f217b95b1fc010ee51e34aefa0c9700c60391f7fdd9d36e7b6dcb311
2025-08-05 17:45:06,TRYtrEkTFiZbuuzt7o7ac7TVeEC5PLsnQa,TR7NHqjeKQxGTCi8q8ZY4pL8otSzgjLj6t,0.0,94bb0ccebe63bb5d8fa24e5a2cbfa30052b39f3f4b6629f9f46ff7e9d2e5fe12
2025-08-05 17:43:51,TNBgq9CJBFPGAHsxAKyeprGqhX5Lj7pqi8,TRYtrEkTFiZbuuzt7o7ac7TVeEC5PLsnQa,40.181782,23d67f056db1c61c2c3314f7dcfe3205dc1adc53bea47dfc68f4db1d60f14dc3
2025-08-05 17:42:54,TJE9NcjwyyqtjsEAFjSXw5M6bKUzF9QkG5,TRYtrEkTFiZbuuzt7o7ac7TVeEC5PLsnQa,85.639371,03676513db05f8c6319bbbfa63ff82a1b94e66a906e9ebf3ec3ec5e2f1a02df7
2025-08-05 17:42:54,TCnxBqSev8EDnKCDxpLwAEzwWkXRhnqS36,TRYtrEkTFiZbuuzt7o7ac7TVeEC5PLsnQa,90.697184,93fdb17048b8191a5dc3ea0d39e879cc359835b4462f6b7f3d383e9c6b78ff3c
2025-08-05 17:42:36,TGsaUu9FMj6hZyKRntFANkHaJDic7N6HYG,TRYtrEkTFiZbuuzt7o7ac7TVeEC5PLsnQa,105.837803,95982e0d6271c174a6da45963a7138e82be13d744abbb4537e537f9af52f9e11
2025-08-05 17:42:30,TRZwYmxe5WeQCTa9FTMyPXCzBqKUWftwu9,TRYtrEkTFiZbuuzt7o7ac7TVeEC5PLsnQa,110.987903,2ab66c9b4533804b35d5bb06597043a1d37c75d8708cdd1f92a443a294899a00
2025-08-05 17:42:27,TMsGova1jNQ4XuzLYRWidDsFLhmSN96189,TRYtrEkTFiZbuuzt7o7ac7TVeEC5PLsnQa,113.088261,416c067213339c6755dbb28b21046665c95a9b68844d1fef9d5d15f5db9587a7
2025-08-05 17:36:09,TRYtrEkTFiZbuuzt7o7ac7TVeEC5PLsnQa,TR7NHqjeKQxGTCi8q8ZY4pL8otSzgjLj6t,0.0,1a161309823c2d80287b8c1adc6e420b77b47cf6bfa88a55f795d09158d4d798
2025-08-05 17:34:51,TRYtrEkTFiZbuuzt7o7ac7TVeEC5PLsnQa,TR7NHqjeKQxGTCi8q8ZY4pL8otSzgjLj6t,0.0,f9c3b918a22f6cb7aab6c94a9fb4ed5b765c0ac89d5985d399c4e6a8e7fa2ee8
2025-08-05 17:34:48,TRYtrEkTFiZbuuzt7o7ac7TVeEC5PLsnQa,TR7NHqjeKQxGTCi8q8ZY4pL8otSzgjLj6t,0.0,515fe8cecb62d1a980d69b49a4f7adf04675227507f703ba19ae0b1a3f3bca08
2025-08-05 17:34:48,TRYtrEkTFiZbuuzt7o7ac7TVeEC5PLsnQa,TR7NHqjeKQxGTCi8q8ZY4pL8otSzgjLj6t,0.0,f2abd1783cae051b82aeeae531d822a9ed81af0e359dbaf29cc76a437044b35a
2025-08-05 17:34:45,TRYtrEkTFiZbuuzt7o7ac7TVeEC5PLsnQa,TUFPurCHBZdJuuraJXK9DGVYdGKeMMP5Hu,35.859075,d4090e51ad0dabaf1387770628c2973501023184f60a0271602ddb81f11bae28
2025-08-05 17:34:42,TRYtrEkTFiZbuuzt7o7ac7TVeEC5PLsnQa,TR7NHqjeKQxGTCi8q8ZY4pL8otSzgjLj6t,0.0,a492bbd734ff78c58a690c30036a9d3293cbe5ec6be13afdabd92e638d7250f1
2025-08-05 17:33:45,TBpFjWWZut88kE8rXH3tzMsrM956zUfcyB,TRYtrEkTFiZbuuzt7o7ac7TVeEC5PLsnQa,58.668175,16c914eb4323e95268a388a025993ac89718f610c18e3c553ac9bec1cd537220
2025-08-05 17:33:18,TYuQhZnd2FJMLUQ68obzvqirBYiLW4G1ZC,TRYtrEkTFiZbuuzt7o7ac7TVeEC5PLsnQa,53.499835,dbe36fffcc1fa53ac03ae522c8454573875d4810d824fd5fe5c884f306ff4ab1
2025-08-05 17:32:39,TD2d72wZMXqgEK2yTnYp6JNMEQzWrb3rdH,TRYtrEkTFiZbuuzt7o7ac7TVeEC5PLsnQa,89.710001,f4f2d3ad1196025df3dfab80bffbda46cf9d6ce14c8cd952595f2d645e70db79
2025-08-05 17:32:33,TWd9nZfGiySs7ziHiHU5WNN3AtSj4PqFEa,TRYtrEkTFiZbuuzt7o7ac7TVeEC5PLsnQa,99.2996,6b445a0cd4d2e4814c97b89e3906a3dcb42aedaf426033ab7261f44a09569561
2025-08-05 17:32:09,TLtLrqvkk3DrakoXtty5NcY3U6hpWop8YQ,TRYtrEkTFiZbuuzt7o7ac7TVeEC5PLsnQa,1333.359918,577871372e99401777f4d65084a0e74463ded16fc07694f968c89557c5caefe9
2025-08-05 17:32:00,TUH6YaEkBaZQNkKK3Q694yXrsAnGhibTsa,TRYtrEkTFiZbuuzt7o7ac7TVeEC5PLsnQa,147.776501,a41a41204fb43f902ee9c61aad64fec07d17c3531b31f120f3f9d9dabc243ade
2025-08-05 17:31:27,THAXG15GPmoC4jJp3Lt4RjLXdy8Vjtmu7F,TRYtrEkTFiZbuuzt7o7ac7TVeEC5PLsnQa,205.424754,01f9ae4e83edc6b1a2c5d77f8de69c65ab2a37938c0a6cc7245de69a8ff0086d
2025-08-05 17:29:00,TYg55fDRuHDsCmy8rCW8nZeX1wNyRVSG5v,TRYtrEkTFiZbuuzt7o7ac7TVeEC5PLsnQa,3125.809727,872ea31dcc27b684504ff01fab35756768b4923acc1f1408dd9d15bdea1ba1b9
2025-08-05 17:24:54,TRYtrEkTFiZbuuzt7o7ac7TVeEC5PLsnQa,TZAKXkwjRvFJeCpvLLCCfDbkqLfgErP1Ax,35.859075,e3de406923562397f8544ab9d7e01fb4f08e8ebabd09a7a634b7031e4c6b3eb6
2025-08-05 17:24:51,TRYtrEkTFiZbuuzt7o7ac7TVeEC5PLsnQa,TR7NHqjeKQxGTCi8q8ZY4pL8otSzgjLj6t,0.0,961c05081f5ce58b93acca83f11f50b19ad37f9e27f2d854d777dc7845a6bedc
2025-08-05 17:24:48,TRYtrEkTFiZbuuzt7o7ac7TVeEC5PLsnQa,TR7NHqjeKQxGTCi8q8ZY4pL8otSzgjLj6t,0.0,bdf08c1c1df3f08621683b2a093b180ddb84b7c0c30ade425c10d4277d35b60a
2025-08-05 17:24:48,TRYtrEkTFiZbuuzt7o7ac7TVeEC5PLsnQa,TR7NHqjeKQxGTCi8q8ZY4pL8otSzgjLj6t,0.0,8f57fa9ddf8160ba3ffe5a1f6e628d65eaa4997ac81bffa5aea5b6b898ac132e
2025-08-05 17:24:45,TRYtrEkTFiZbuuzt7o7ac7TVeEC5PLsnQa,TR7NHqjeKQxGTCi8q8ZY4pL8otSzgjLj6t,0.0,55215e5d40882255ea10546ff86c18a11ddff6d8aee5cbef6d9c20191681cfba
2025-08-05 17:24:42,TRYtrEkTFiZbuuzt7o7ac7TVeEC5PLsnQa,TR7NHqjeKQxGTCi8q8ZY4pL8otSzgjLj6t,0.0,a861bb8941f27234d1f2a6a69905501d673d38847ca6aa925e66ae8a03e6d9e5
2025-08-05 17:10:51,TFo9wc5rGzhJxUmtSXSrMNrSxePw1M9vKN,TRYtrEkTFiZbuuzt7o7ac7TVeEC5PLsnQa,312.000002,fb5620e557f02b95372f727c26ef559e26db541c1979c8c171bcf3098275019d
2025-08-05 17:10:39,TUKxFATfiBoeFQ3KwDRnkBNtMQk8pPPBEV,TRYtrEkTFiZbuuzt7o7ac7TVeEC5PLsnQa,338.963918,81c4704d8fecd76c3824a5e824b8f6aa17bc5116fd76214f03da2b580da36532
2025-08-05 17:08:36,TRYtrEkTFiZbuuzt7o7ac7TVeEC5PLsnQa,TR7NHqjeKQxGTCi8q8ZY4pL8otSzgjLj6t,0.0,109467c8d4ae167374b041b9c33d153b7f3b646effacabfd43c343b4d2392441
2025-08-05 17:08:33,TRYtrEkTFiZbuuzt7o7ac7TVeEC5PLsnQa,TR7NHqjeKQxGTCi8q8ZY4pL8otSzgjLj6t,0.0,7c0e0ece253a5f7dc6f5cdd8fbd9faefcafe56f3d9ae190658977eb5cf628455
2025-08-05 17:08:30,TRYtrEkTFiZbuuzt7o7ac7TVeEC5PLsnQa,TR7NHqjeKQxGTCi8q8ZY4pL8otSzgjLj6t,0.0,0494339cb518475dacb722272f32001cdf614d4ad5f53a982374557a22f79860
2025-08-05 17:08:30,TRYtrEkTFiZbuuzt7o7ac7TVeEC5PLsnQa,TR7NHqjeKQxGTCi8q8ZY4pL8otSzgjLj6t,0.0,45052cfefffb1c308d8156dc3e93626eddab2c2dd814985bbbd9e362609da3b0
2025-08-05 17:08:27,TRYtrEkTFiZbuuzt7o7ac7TVeEC5PLsnQa,TR7NHqjeKQxGTCi8q8ZY4pL8otSzgjLj6t,0.0,0fe13651e76cb98f665bf1dd56b2bc54a57df1a2f51ee7abd5649bd9b8d3125c
2025-08-05 17:08:24,TRYtrEkTFiZbuuzt7o7ac7TVeEC5PLsnQa,TR7NHqjeKQxGTCi8q8ZY4pL8otSzgjLj6t,0.0,5fefd5c4fd52795d12c0ca06beed0481a657580601a60d760258871652e05260
2025-08-05 17:08:24,TRYtrEkTFiZbuuzt7o7ac7TVeEC5PLsnQa,TZAKXkwjRvFJeCpvLLCCfDbkqLfgErP1Ax,35.859075,239f6e716afe0e58d40c149746e45502e771c38b9fbcbb434e1465479c4f2fc3
2025-08-05 17:07:54,TDa5QDtNpgrp7DK26DxXAeYVGJ3Q9HekZt,TRYtrEkTFiZbuuzt7o7ac7TVeEC5PLsnQa,50.76771,b4da68a3b2d108861bbbd76e2255b89e16e9d92b6c9dc210c9c4e7d1a59394fe
2025-08-05 17:06:51,TN1bbcvSsxwyq4iCQXbndSsDmyvYaJfND5,TRYtrEkTFiZbuuzt7o7ac7TVeEC5PLsnQa,52.258047,06d34e4991ceada399db076f48fd636d5d5fad36c0db25928122c5551b14d207
2025-08-05 17:06:27,TTg8r16L22ipwDcujafANX1Bj81DVLtvTX,TRYtrEkTFiZbuuzt7o7ac7TVeEC5PLsnQa,177.21244,5f94f5c312ef7e6f36f564e81e2ebcc6c7e2e2447fd922ea0881cc327c104fe1
2025-08-05 17:06:18,TEsAiWM41EcvoUi6BUU4bjAEUwfNt7FfFQ,TRYtrEkTFiZbuuzt7o7ac7TVeEC5PLsnQa,77.210057,4f32b392c5469d5667bd29ca9a3621c82acf40a457e404e88b3a399fd135de12
2025-08-05 17:05:42,TB42TmBq7vGQdEWu4rzJEBLbwy1wbpNeK7,TRYtrEkTFiZbuuzt7o7ac7TVeEC5PLsnQa,120.3785,2e09098606d24c77a483196fd7b440c2e1469e5da4b67eb89eca923716b955f1
2025-08-05 17:04:57,TQV46Zv2vGU7oiQFJN5Fvi8PfxQjmwi5ed,TRYtrEkTFiZbuuzt7o7ac7TVeEC5PLsnQa,210.000001,958939e2d971412c90912287f17b33cbc72ddcad4a515030c28675a6359495c8
2025-08-05 17:04:54,TM5oZUYyDhFTFd8fRa8Qn7MzRECezqiMiX,TRYtrEkTFiZbuuzt7o7ac7TVeEC5PLsnQa,219.140803,88d0a105e7316b3ee395d717c7a8a6efea855bdacbbd3e1799fe4478b4ad537a
2025-08-05 17:03:45,TAs8jTN2s88gobcLKe9DcWLXnX1eLPC4ZF,TRYtrEkTFiZbuuzt7o7ac7TVeEC5PLsnQa,444.576302,f9048c00c05d35c6f4e5cc850adac7b4bf39bb0684cb066c711c0595bca64c6e
2025-08-05 17:02:57,TNBhDVmzmShCAe62SjH7tT4Z68rti5cRTm,TRYtrEkTFiZbuuzt7o7ac7TVeEC5PLsnQa,999.000001,72f559ba4c439d3901c208e02896ac295f279422e3144da508728413affb59ea
2025-08-05 17:02:39,TCj7Zvoq6GceHuvWmpk7Fz1W1rAhQtgwr1,TRYtrEkTFiZbuuzt7o7ac7TVeEC5PLsnQa,2220.362506,2a174d131c3178ffa53804915cbc443226ce6a59b30d2ff2e6ae961a0d42590b
2025-08-05 16:59:36,TRYtrEkTFiZbuuzt7o7ac7TVeEC5PLsnQa,TR7NHqjeKQxGTCi8q8ZY4pL8otSzgjLj6t,0.0,bbfa50afdb07c95ad929c2541d9c67531087e15c5c3441ba08f9cf7377b79567
2025-08-05 16:53:09,TFCfWSm4Dy9o2eQT7LyryWRHtauQKrejqY,TRYtrEkTFiZbuuzt7o7ac7TVeEC5PLsnQa,1076.611057,e0e4518ab36229ad36b4aebbeb0ed70105c3073483b66500d03a5ee11bcb2418
2025-08-05 16:49:24,TJa5MQAYh79MMK74Spjh3RHjuYY5x5LDVj,TRYtrEkTFiZbuuzt7o7ac7TVeEC5PLsnQa,1e-06,c37351ebe4ddbd09afe1772f979845b744cc77fcdd84b5081f6413e334054735
2025-08-05 16:48:36,TRYtrEkTFiZbuuzt7o7ac7TVeEC5PLsnQa,TJUBVpvd7mnbrVTS4gKnEkANsB3xtR2vpN,35.859075,c7150927e36ba10712ffe45098ac3f9afb3da9ebe8d5cfaf6bcaf9d8dcaf8ea4
2025-08-05 16:48:33,TRYtrEkTFiZbuuzt7o7ac7TVeEC5PLsnQa,TFkSgWvCFY96aBYeC7iQuqAZbtabSSsmUq,35.859075,7c0d6370ae095f1386b5135cfa8e9f91bb131b5a4ebddfecef5e39db907ff6c3
2025-08-05 16:48:30,TRYtrEkTFiZbuuzt7o7ac7TVeEC5PLsnQa,TS44oGywoyLYz1DEZTA87tnctoMraPJyid,35.859075,9b395327119b4061df1673e1802871b85e9d412123e49e710c3d98e490450d33
2025-08-05 16:48:30,TRYtrEkTFiZbuuzt7o7ac7TVeEC5PLsnQa,TS9zQNi5f92uDTMdQKqGw4UWCcpqN7jSH2,35.859075,6c7779926b997a07b3af3569f2993eab7f299a47bb9f1ab8538a9fb6b45df2d2
2025-08-05 16:48:27,TRYtrEkTFiZbuuzt7o7ac7TVeEC5PLsnQa,TR7NHqjeKQxGTCi8q8ZY4pL8otSzgjLj6t,0.0,a6f5a1721190d220692a441b5fde489aae26f81fdb37a7d1ca4fe156b511c8d1
2025-08-05 16:48:24,TRYtrEkTFiZbuuzt7o7ac7TVeEC5PLsnQa,TR7NHqjeKQxGTCi8q8ZY4pL8otSzgjLj6t,0.0,1100ae9b1572639c46b0b7080d1d39dc40ad67b9afd68dab3a8c13835ee9972d
2025-08-05 16:48:24,TRYtrEkTFiZbuuzt7o7ac7TVeEC5PLsnQa,TPQfEvPtAVaBkoY6ddYciiBKd42avYnVj5,35.859075,1157d3278011d0901454b2c173e9aaa7f5445f32b383fc997f7a7004410812ac
2025-08-05 16:48:21,TRYtrEkTFiZbuuzt7o7ac7TVeEC5PLsnQa,TR7NHqjeKQxGTCi8q8ZY4pL8otSzgjLj6t,0.0,1759f489defeaad81c2abe976efa03077cef3c48176a7fa0e5a936a43dee1c79
2025-08-05 16:48:18,TRYtrEkTFiZbuuzt7o7ac7TVeEC5PLsnQa,TR7NHqjeKQxGTCi8q8ZY4pL8otSzgjLj6t,0.0,182f5519adeb7d76cfb459ee3474426daacca9e27bd37af9efbe8cd403c45138
2025-08-05 16:48:15,TRYtrEkTFiZbuuzt7o7ac7TVeEC5PLsnQa,TR7NHqjeKQxGTCi8q8ZY4pL8otSzgjLj6t,0.0,5c5619d59e03a60c53b7f06360e9f5904ce3555d548d347be9699c8b5430c09d
2025-08-05 16:48:15,TRYtrEkTFiZbuuzt7o7ac7TVeEC5PLsnQa,TR7NHqjeKQxGTCi8q8ZY4pL8otSzgjLj6t,0.0,ed906bdcd7a44b2e6e94083c3d2a6f094f82de7af8cc73423d9e75cb6f11b78a
2025-08-05 16:48:12,TRYtrEkTFiZbuuzt7o7ac7TVeEC5PLsnQa,TR7NHqjeKQxGTCi8q8ZY4pL8otSzgjLj6t,0.0,367ade367cfd1efb8175d4d859d86b3b6a34d0bcf18ad1922f5eb62798c33f82
2025-08-05 16:48:09,TRYtrEkTFiZbuuzt7o7ac7TVeEC5PLsnQa,TR7NHqjeKQxGTCi8q8ZY4pL8otSzgjLj6t,0.0,5d2432d2180016e1dabf6de637eb8030cc8c2e08178efda1f6f9ad5c9914e4c0
2025-08-05 16:48:06,TRYtrEkTFiZbuuzt7o7ac7TVeEC5PLsnQa,TR7NHqjeKQxGTCi8q8ZY4pL8otSzgjLj6t,0.0,fd3ddf90cdddb67971b41e713afa32d7352e113efbe380fb719b7f86cae77bb2
2025-08-05 16:47:54,THpmLoHRGyJFUxuWErve62ALx7YPV3rhHm,TRYtrEkTFiZbuuzt7o7ac7TVeEC5PLsnQa,50.76771,3026d6fd6665183a9430ad4afdb1111a3c2d34f6cd6dbb6e0b030854ae456bf9
2025-08-05 16:47:51,TTa7Fr8RNPCAgspKUhyMSavCD8oWdv4VNz,TRYtrEkTFiZbuuzt7o7ac7TVeEC5PLsnQa,50.76771,8d947ad90a9d79b3fb7a6f12e3fbc107f4a2563554f08f406a01361c731e6fbd
2025-08-05 16:47:15,TMoEiQC3XqyeSRzapWs6SP5QpDFyUUMm9c,TRYtrEkTFiZbuuzt7o7ac7TVeEC5PLsnQa,31.436317,6fcfa7852d2ef10123307c7100e13381ab428392d50184d6cbb1e0fe890f2b86
2025-08-05 16:46:48,TW5HuMBkKL6RwsEhwa7KxY6WmEJjBjanfE,TRYtrEkTFiZbuuzt7o7ac7TVeEC5PLsnQa,53.183897,7cece8723b7e3c2ae5770ac3ffeeef210aa21094ecd4b5516c60b30f31feb510
2025-08-05 16:37:51,TLwKxQFDgPuVyutnhXMwaHQUWxfAe7xBkE,TRYtrEkTFiZbuuzt7o7ac7TVeEC5PLsnQa,50.76771,2d8fe0efcaa0a860746fb871a7603df886a1bf571ab42ae7f22025e9aaf029c2
2025-08-05 16:37:48,TXKK6gaD1jpYbWG3cgDDJzVJsL5QZ2XrcS,TRYtrEkTFiZbuuzt7o7ac7TVeEC5PLsnQa,50.76771,2ff5d7ff9b195fd37ec6191567850aa7d8a0a6cb948d77403cd5bfcfdaffd021
2025-08-05 16:37:27,TAHE8bkB2Qcnm9ATxNv4F1y5EjLTiApoYi,TRYtrEkTFiZbuuzt7o7ac7TVeEC5PLsnQa,15.588093,2c67c7f016863b95bcab126569042ceb83706c4a2e37d8d789755495c4460d16
2025-08-05 16:36:27,TCjDyzXswV9RcNTbZrzJVmAD2nNEYQFs1V,TRYtrEkTFiZbuuzt7o7ac7TVeEC5PLsnQa,109.161357,d146746d9b3a4963736e519d7a2fd7630e139ac3fbea2f859c6931781e0cbd9b
2025-08-05 16:36:24,TQbbzYrxhYPy8kBNNDsxx1ZdmsJu2vaaNd,TRYtrEkTFiZbuuzt7o7ac7TVeEC5PLsnQa,67.589279,0db183308d5f617f09a35ae049776112a9e3bb5324f832aac767e9c72fab8ea9
2025-08-05 16:32:27,TEMNhGbPBm3Cxj7FfYi6dX4dnEguCGfm58,TRYtrEkTFiZbuuzt7o7ac7TVeEC5PLsnQa,2530.000009,651c3e34ec371a87d600a51051144dcfcaa6928b4bef83e0c3b809d1c4df27bb
2025-08-05 16:31:48,TVZU1dLyYT8navh26L6VXwJDpWxbvGT3TC,TRYtrEkTFiZbuuzt7o7ac7TVeEC5PLsnQa,17754.730013,e49c11cf8382de73381e6e9b2dd6931e444a2b77515e11cdbf337726c19554b3
2025-08-05 16:31:45,T9zUDKZUcnCDVef2Agsq4uVSMgKRUj3sbS,TRYtrEkTFiZbuuzt7o7ac7TVeEC5PLsnQa,30122.153066,ac9e43902cef9cbe9536f5d6f89d618c1dcbbd95780ec7ebe7448950989c309d
2025-08-05 16:29:33,TRYtrEkTFiZbuuzt7o7ac7TVeEC5PLsnQa,TR7NHqjeKQxGTCi8q8ZY4pL8otSzgjLj6t,0.0,f0907a3bfcea344d75a5a4872591288a7e9cc05bdbf7e176cd1f1c6e073be964
2025-08-05 16:29:30,TRYtrEkTFiZbuuzt7o7ac7TVeEC5PLsnQa,TR7NHqjeKQxGTCi8q8ZY4pL8otSzgjLj6t,0.0,6814d75ef43106e51495990e112796731528e20b509530d24e196a44dce67f59
2025-08-05 16:28:15,TRYtrEkTFiZbuuzt7o7ac7TVeEC5PLsnQa,TR7NHqjeKQxGTCi8q8ZY4pL8otSzgjLj6t,0.0,a2751c4f45c21107f24bd5b285fbd4450949d5d0441b0d3d5234c7e28dd89562
2025-08-05 16:28:12,TRYtrEkTFiZbuuzt7o7ac7TVeEC5PLsnQa,TR7NHqjeKQxGTCi8q8ZY4pL8otSzgjLj6t,0.0,9d91b605b219cf0389d0ec24b5448491b4cb166397e120c75a9ac140f0ac942d
2025-08-05 16:27:54,TLbfufbt579RrMPkyh1mWVQUFfDFraw55b,TRYtrEkTFiZbuuzt7o7ac7TVeEC5PLsnQa,50.76771,6331548898e26856261d8469dc8e25801e43cb9eda0b35437e9066c818f173fc
2025-08-05 16:27:45,TPhqip9KSiKKUcfgGgHQm2Gqn7114XY4KK,TRYtrEkTFiZbuuzt7o7ac7TVeEC5PLsnQa,1161.387934,d0ee8bafdfd7fa5ee050be725e63ce6008f13b318bdd5892336baaad7ee86a37
2025-08-05 16:26:42,TECcamdTgRZPwrGsBjUrm75rA9QU7H68mE,TRYtrEkTFiZbuuzt7o7ac7TVeEC5PLsnQa,53.221222,8ff51292d20336f09fd59260c46106c6beed91c9b894ad471a93638e3b44fc87
2025-08-05 16:26:36,TEZhR4Fu2mCSF2CCpSPtUN2tXr2MDvhuky,TRYtrEkTFiZbuuzt7o7ac7TVeEC5PLsnQa,59.239702,44c9b55d0bd532951eb48c4e75991df0d149777abaf0057dc0acc18ded3cc286
2025-08-05 16:25:24,TYm2hPe8YD7ABMne8dS7A7khFQ2VLPSqcZ,TRYtrEkTFiZbuuzt7o7ac7TVeEC5PLsnQa,400.737069,1211bacc84cfe1f01a848fb224163e671026c67dcd29bf6b196fed2ab1e1ca65
2025-08-05 16:24:48,TKgs1vrpfv1MN8cbxmpRycYqWMTQ6v2NWv,TRYtrEkTFiZbuuzt7o7ac7TVeEC5PLsnQa,202.73762,b7b457cd622de8d2f3efbf01cdd6b69b94199aad70f5ca8946020299770c86d4
2025-08-05 16:24:21,TTbLWNC1KJnoQcGw4bJQc1gUFevkjGhWJC,TRYtrEkTFiZbuuzt7o7ac7TVeEC5PLsnQa,294.278698,13b9ad92888a733a115dd4861d6fb3bc087d20a22015605ee63f6f281cb14c81
2025-08-05 16:23:15,TFg6khDngBneLQMJa17kuJvAL2dYqfQDJM,TRYtrEkTFiZbuuzt7o7ac7TVeEC5PLsnQa,545.659694,5cde3032c5fba9d7f7e28aa809e19aae6d754c34d35901ed3bce835a9ba98c2e
2025-08-05 16:09:03,TRYtrEkTFiZbuuzt7o7ac7TVeEC5PLsnQa,TR7NHqjeKQxGTCi8q8ZY4pL8otSzgjLj6t,0.0,d42742a3ba735377f6157f44ec1bfabd92f8d82414058a220d0037fff3be0d44
2025-08-05 16:08:54,TJp6KiMbEPXsZ1Hp9LHpZ2mDfH7P4JCcgv,TRYtrEkTFiZbuuzt7o7ac7TVeEC5PLsnQa,1e-06,1960130751d05bbb0719ab67c7a73a44224eb88dd9584e4b47390b7dad169f62
2025-08-05 16:08:42,TNbDsLb87MxpjkrweKf1dEeqfiqYr1AJn9,TRYtrEkTFiZbuuzt7o7ac7TVeEC5PLsnQa,1e-06,05540d32909d321b0923495739dd637c0fe45e89100aae8b98aa6232a43382f4
2025-08-05 16:07:45,TRYtrEkTFiZbuuzt7o7ac7TVeEC5PLsnQa,TTdKAU9TZwHXS9NGKiDzhm9tmV74hmXrgv,35.859075,5ac36a853f695e6be309c84fc9535a70fcb05e34d027a1e97a5807b2bafdefe1
2025-08-05 16:07:42,TRYtrEkTFiZbuuzt7o7ac7TVeEC5PLsnQa,TR7NHqjeKQxGTCi8q8ZY4pL8otSzgjLj6t,0.0,d145744916fc77fd3b490a5573455e774c66fa869d77ec37e48190bbef673c2f
2025-08-05 16:07:42,TRYtrEkTFiZbuuzt7o7ac7TVeEC5PLsnQa,TDWL3qpSi8RQoiXR6nBscpVHJvDQaGi9KZ,35.859075,e9a7e23bcdc11e45487e049212a58628c4726244956eb5c1ec85591a2a47b9f1
2025-08-05 16:07:39,TRYtrEkTFiZbuuzt7o7ac7TVeEC5PLsnQa,THRWRqZ2SzR1gDLfEHwQRpHCrjcF26D6bP,35.859075,4c0c4e0e4bb87009d9837085ada0bb233f16e8f7d65659dfef6905f4256aef39
2025-08-05 16:07:36,TRYtrEkTFiZbuuzt7o7ac7TVeEC5PLsnQa,TR7NHqjeKQxGTCi8q8ZY4pL8otSzgjLj6t,0.0,77ef16e0b50613953cc624c7d4c4f541da14a140b7ee3dfeb20d956a335b4696
2025-08-05 16:07:36,TRYtrEkTFiZbuuzt7o7ac7TVeEC5PLsnQa,TR7NHqjeKQxGTCi8q8ZY4pL8otSzgjLj6t,0.0,f090d289f51299ddf4acdd912768038c25cd9a0c69686ba96dc47aa957d03285
2025-08-05 16:07:33,TRYtrEkTFiZbuuzt7o7ac7TVeEC5PLsnQa,TR7NHqjeKQxGTCi8q8ZY4pL8otSzgjLj6t,0.0,f4c0a73a027f0f353b3bd3065663896579aa230537d6c32592751de6124d16f5
2025-08-05 16:07:30,TRYtrEkTFiZbuuzt7o7ac7TVeEC5PLsnQa,TR7NHqjeKQxGTCi8q8ZY4pL8otSzgjLj6t,0.0,c26bdb678dee79e00a7a4b85b7da163bc5fc56dae2e44973a98c2ee41850256a
2025-08-05 16:07:27,TRYtrEkTFiZbuuzt7o7ac7TVeEC5PLsnQa,TR7NHqjeKQxGTCi8q8ZY4pL8otSzgjLj6t,0.0,d6f0249340a68ec684b6dc481165eb6a60651ce47107a0e2cd370558f8e9ebf9
2025-08-05 16:06:03,TDQvddFhVnE4SJgsS1p9BZHuanCGmyDqbZ,TRYtrEkTFiZbuuzt7o7ac7TVeEC5PLsnQa,60.000004,e4c41706354527894de34c52a4df15dfd946b38ca8aec608a5b2eafc836b55da
2025-08-05 16:05:51,TEh7iVWxk8rF1YALNFcLVtLuBfPjXydWri,TRYtrEkTFiZbuuzt7o7ac7TVeEC5PLsnQa,70.109431,49c9dba8d7eb6302776ba055c6526042e5b476de546a0f469eb8d41c3f1fb88e
2025-08-05 16:05:00,TGHKJL7mNpEBqCzi62i4855M6zwVVoamau,TRYtrEkTFiZbuuzt7o7ac7TVeEC5PLsnQa,118.900002,b5214f49c8e40b5552839ae47874f529a10c8a9d0719632e26e68917c9180b62
2025-08-05 16:03:33,TEfVBZ9tYNiR9zXbw9PVKTo8arok1VUEqr,TRYtrEkTFiZbuuzt7o7ac7TVeEC5PLsnQa,338.433626,43b3703754cac7bc308b9cbb700aa5166612d69a04b378a203ba6127bc3ea531
2025-08-05 15:58:21,TRYtrEkTFiZbuuzt7o7ac7TVeEC5PLsnQa,TR7NHqjeKQxGTCi8q8ZY4pL8otSzgjLj6t,0.0,85dc3a2b2792134ecc828bbc8489b6f508162a89b600ad856e7c38697fac9a6c
2025-08-05 15:58:21,TRYtrEkTFiZbuuzt7o7ac7TVeEC5PLsnQa,TR7NHqjeKQxGTCi8q8ZY4pL8otSzgjLj6t,0.0,ceee4c1a352cc957149d4e8a3cd2badd32c003edf2b09c2c59d9bec8077bded9
2025-08-05 15:57:03,TRYtrEkTFiZbuuzt7o7ac7TVeEC5PLsnQa,TDa5QDtNpgrp7DK26DxXAeYVGJ3Q9HekZt,35.859075,11618913d961e30a83ec1f4503c066a1dbd69de1025fb0d9bd91f34ccfa6c86a
2025-08-05 15:57:00,TRYtrEkTFiZbuuzt7o7ac7TVeEC5PLsnQa,TTdKAU9TZwHXS9NGKiDzhm9tmV74hmXrgv,35.859075,1f0c178186cc6031b30c2a726ffb476d9e8086f66139fa1bafd0007996d62120
2025-08-05 15:53:30,TMRT4wGMXyGX2u2wsZNgTuna7DrLVxa1jz,TRYtrEkTFiZbuuzt7o7ac7TVeEC5PLsnQa,539.456392,fa31508e2b8f6604bf4684a5539616548784d95c77bef3e18bcb05a4d6b80bcc
2025-08-05 15:52:45,TF9p378NugSojfeB1F43Z4FFCy7dibjNx7,TRYtrEkTFiZbuuzt7o7ac7TVeEC5PLsnQa,450.000006,0f6d1b6a2055095c1128973176a2efcde3b94d5df7a0a295fed6cdd9994356f8
2025-08-05 15:48:21,TRYtrEkTFiZbuuzt7o7ac7TVeEC5PLsnQa,TR7NHqjeKQxGTCi8q8ZY4pL8otSzgjLj6t,0.0,e11f5eeddd476de0341b5dbf004bcaa134bad1c9dec622875cd7ab41105394e2
2025-08-05 15:48:18,TRYtrEkTFiZbuuzt7o7ac7TVeEC5PLsnQa,TR7NHqjeKQxGTCi8q8ZY4pL8otSzgjLj6t,0.0,6bd8efedb248e3dc0728f6a90cb515dbb25032b74903160bef262c24ce2a9bc8
2025-08-05 15:47:03,TRYtrEkTFiZbuuzt7o7ac7TVeEC5PLsnQa,THpmLoHRGyJFUxuWErve62ALx7YPV3rhHm,35.859075,8d1980653f7ac408684eedfb8dcffa0b4f5b9bf69cbe9652b369fb9136e5d248
2025-08-05 15:47:00,TRYtrEkTFiZbuuzt7o7ac7TVeEC5PLsnQa,TTa7Fr8RNPCAgspKUhyMSavCD8oWdv4VNz,35.859075,4289ab6636ef3f33de60c989be894b54974893c2eb3fa6ea35875e74c968716e
2025-08-05 15:46:57,TRYtrEkTFiZbuuzt7o7ac7TVeEC5PLsnQa,TR7NHqjeKQxGTCi8q8ZY4pL8otSzgjLj6t,0.0,dc0f1dc6606ffb410ad0277e6706f63743992c3ddc6bf7cec18ddc8e9dc7174a
2025-08-05 15:46:57,TRYtrEkTFiZbuuzt7o7ac7TVeEC5PLsnQa,TDa5QDtNpgrp7DK26DxXAeYVGJ3Q9HekZt,35.859075,6218c3d88231cf39360b004eea578df44de33897d6f2f1630f368025336c3c64
2025-08-05 15:46:54,TRYtrEkTFiZbuuzt7o7ac7TVeEC5PLsnQa,TR7NHqjeKQxGTCi8q8ZY4pL8otSzgjLj6t,0.0,2d2ebf69787ee43f812c7814b5e72726178ff6c7d5bc38ba215c3559c0461e7a
2025-08-05 15:46:51,TRYtrEkTFiZbuuzt7o7ac7TVeEC5PLsnQa,TR7NHqjeKQxGTCi8q8ZY4pL8otSzgjLj6t,0.0,fa00ebaff9dadba529daf1feccabc2800c65a4fadee7a85f59cc041016d28257
2025-08-05 15:46:48,TRYtrEkTFiZbuuzt7o7ac7TVeEC5PLsnQa,TR7NHqjeKQxGTCi8q8ZY4pL8otSzgjLj6t,0.0,c7e80c6c1a6bb97bf8f10dd2930afd05e3e89ba1e3ea59acb01d0125b9de6908
2025-08-05 15:46:48,TRYtrEkTFiZbuuzt7o7ac7TVeEC5PLsnQa,TR7NHqjeKQxGTCi8q8ZY4pL8otSzgjLj6t,0.0,4a8d97efd26beb62ed65efea953267ebd1ba84930b69ec720849d7eae2cf968b
2025-08-05 15:46:45,TRYtrEkTFiZbuuzt7o7ac7TVeEC5PLsnQa,TR7NHqjeKQxGTCi8q8ZY4pL8otSzgjLj6t,0.0,0696342703f32827a8d8e4d6f5a9cc82f9d26e212225c82fa6fcf3d777d36cf2
2025-08-05 15:46:42,TRYtrEkTFiZbuuzt7o7ac7TVeEC5PLsnQa,TR7NHqjeKQxGTCi8q8ZY4pL8otSzgjLj6t,0.0,7288e8a8a5a633aa40bc863025869f127993699977785961a2feb3321933b047
2025-08-05 15:46:39,TRYtrEkTFiZbuuzt7o7ac7TVeEC5PLsnQa,TR7NHqjeKQxGTCi8q8ZY4pL8otSzgjLj6t,0.0,ee1ff013d135a3ad5243740a89f970b7aac99ddfe994be7b07bd03aaab376765
2025-08-05 15:46:39,TRYtrEkTFiZbuuzt7o7ac7TVeEC5PLsnQa,TR7NHqjeKQxGTCi8q8ZY4pL8otSzgjLj6t,0.0,f89cd21b25663f8cfa79f40de7d7077c5b7466cc4b508778dda4b876f7de108c
2025-08-05 15:46:36,TRYtrEkTFiZbuuzt7o7ac7TVeEC5PLsnQa,TR7NHqjeKQxGTCi8q8ZY4pL8otSzgjLj6t,0.0,8e81532a40186d9e0647ed54d8b47fd07619c8e9b9bd19d648fe7fecdc80db74
2025-08-05 15:46:33,TRYtrEkTFiZbuuzt7o7ac7TVeEC5PLsnQa,TR7NHqjeKQxGTCi8q8ZY4pL8otSzgjLj6t,0.0,298cb3b4f1115042a7e5cef9f17d05478983565430686c0e0eaeccb9332b9c61
2025-08-05 15:46:27,T9yE17wLZonr5f71khJx9dQvRUq3sQ2h4W,TRYtrEkTFiZbuuzt7o7ac7TVeEC5PLsnQa,50.76771,5bdac36c7741d50f2aad65c116b0b0300292285a936b2bb3063fd00846c568d3
2025-08-05 15:46:24,TTdNkDcVfJ4GTdWbX87couoQoCTsAdaw1J,TRYtrEkTFiZbuuzt7o7ac7TVeEC5PLsnQa,50.76771,0b6b3b02f47f57d1938f22084965b3f32967083884553ddf2817c426127695ce
2025-08-05 15:43:54,TMsGova1jNQ4XuzLYRWidDsFLhmSN96189,TRYtrEkTFiZbuuzt7o7ac7TVeEC5PLsnQa,148.88319,7170a3a81bf97850d21d57bc37e10c9c2d745fe3573acd34aff2f38fcfc90853
2025-08-05 15:42:57,TDrAU2Ku4tnhAnSzdWLKs2pf4Po5Vf8CWe,TRYtrEkTFiZbuuzt7o7ac7TVeEC5PLsnQa,303.295402,c218aba6ead9490f5bce038df78cead8a8dc4ba23a533e6880b13d0b4bde71cf
2025-08-05 15:42:42,TB3aoJ8iweukUEAjvVsw9gCHY2dUiZEuJK,TRYtrEkTFiZbuuzt7o7ac7TVeEC5PLsnQa,348.807958,1b8eac18c42f7fa0683064b9a6e35475052f1cd5adb9d385d7caf4d206f1b4d7
2025-08-05 15:37:57,TRYtrEkTFiZbuuzt7o7ac7TVeEC5PLsnQa,TR7NHqjeKQxGTCi8q8ZY4pL8otSzgjLj6t,0.0,8a459133dcada5e748877340ec25e0051fd950a50a5de63035f389b7092b1ae3
2025-08-05 15:36:42,TRYtrEkTFiZbuuzt7o7ac7TVeEC5PLsnQa,TLwKxQFDgPuVyutnhXMwaHQUWxfAe7xBkE,35.859075,89a27b5aa840ef5fcf00112b395c6cd299afa9f0d7730defe7e3ef49ba13f4db
2025-08-05 15:36:39,TRYtrEkTFiZbuuzt7o7ac7TVeEC5PLsnQa,TXKK6gaD1jpYbWG3cgDDJzVJsL5QZ2XrcS,35.859075,0085d02480a725526f4c4502e05972fbcdc12c8dd97ed844195f0d6ca23395e0
2025-08-05 15:36:36,TRYtrEkTFiZbuuzt7o7ac7TVeEC5PLsnQa,THpmLoHRGyJFUxuWErve62ALx7YPV3rhHm,35.859075,a40df2d6e4e18eb85f7f9d3acaad966aa460f6a61d286778a12a7c42e408c788
2025-08-05 15:36:36,TRYtrEkTFiZbuuzt7o7ac7TVeEC5PLsnQa,TR7NHqjeKQxGTCi8q8ZY4pL8otSzgjLj6t,0.0,2a319c878cffc71e781070446ebe3ad65300360531ee926c0369c1ee54c05649
2025-08-05 15:36:33,TRYtrEkTFiZbuuzt7o7ac7TVeEC5PLsnQa,TTa7Fr8RNPCAgspKUhyMSavCD8oWdv4VNz,35.859075,365ae22e1f35b0a170d46d620d93391782430027a89402335d85ee336a81790e
2025-08-05 15:36:30,TRYtrEkTFiZbuuzt7o7ac7TVeEC5PLsnQa,TR7NHqjeKQxGTCi8q8ZY4pL8otSzgjLj6t,0.0,f6f9ba59e6f6139843ec31f566d4d0ff374e40dade5d3163d49bce3ba621d968
2025-08-05 15:36:27,TRYtrEkTFiZbuuzt7o7ac7TVeEC5PLsnQa,TR7NHqjeKQxGTCi8q8ZY4pL8otSzgjLj6t,0.0,4f6f26c885e23b239e45bdd12c410faa0064fd619f55ed53ab1614e5c98f4d3c
2025-08-05 15:36:27,TRYtrEkTFiZbuuzt7o7ac7TVeEC5PLsnQa,TR7NHqjeKQxGTCi8q8ZY4pL8otSzgjLj6t,0.0,3322cb4c10f21dd0b132eee124178961530e72884bc61520440b05afd7e476a7
2025-08-05 15:36:24,TRYtrEkTFiZbuuzt7o7ac7TVeEC5PLsnQa,TR7NHqjeKQxGTCi8q8ZY4pL8otSzgjLj6t,0.0,5a586bed6d9f17243213b8cfe0e9bb9bd6a29417ec3ee0631d638e1d22036be9
2025-08-05 15:36:15,TLpPNCBL6uKrhttNdpyqY8QM9EtLnVhmRN,TRYtrEkTFiZbuuzt7o7ac7TVeEC5PLsnQa,50.767717,e30e8c566a1fe6f2b29d3c140e9723435632961c7b57a680a7630a7b3d62e8ed
2025-08-05 15:35:48,TBNMyis2jcGemY9J7hCF86aRFKfsz7iPQj,TRYtrEkTFiZbuuzt7o7ac7TVeEC5PLsnQa,28.000001,6c42ebee94fe489d819f9351ae2e367283fbf89ad267aa7ce10bb7f4ba8caa8d
2025-08-05 15:35:12,TUPFrpusQbMaczSftLipq1VAfVFSgH1igZ,TRYtrEkTFiZbuuzt7o7ac7TVeEC5PLsnQa,47.380258,955645862d196523c8a5fc50326195f2c02ef53f4885c71a46512f23b524c1fd
2025-08-05 15:35:09,TABtwxizSsJv6mbnk6riqrHLoc3HxHgp9T,TRYtrEkTFiZbuuzt7o7ac7TVeEC5PLsnQa,470.000015,88a2405a26fc0a1a443c6e343fb274dce98ecae6993ae863b86a37ab9c8c0964
2025-08-05 15:35:06,TTrZmsNoguCQkwQF3AkVtH23bSFJbmSSYQ,TRYtrEkTFiZbuuzt7o7ac7TVeEC5PLsnQa,50.145502,5c50029ff7a150ed6db1a159eb2cf3216b5c908a1df55f060e3604475922b771
2025-08-05 15:35:03,TQbbzYrxhYPy8kBNNDsxx1ZdmsJu2vaaNd,TRYtrEkTFiZbuuzt7o7ac7TVeEC5PLsnQa,50.30026,102668794ecc1150ff168ede316848aea8671d3e9332e683c3bfc1a4601a140e
2025-08-05 15:34:00,TJy8M3oyxqkFcMerg7EqvtCFG8LxjNoZ6d,TRYtrEkTFiZbuuzt7o7ac7TVeEC5PLsnQa,144.880332,6a7492a8e528732745123aa2afdfde8c9869a25883340bbd69228108f26ea38b
2025-08-05 15:26:00,TRYtrEkTFiZbuuzt7o7ac7TVeEC5PLsnQa,TR7NHqjeKQxGTCi8q8ZY4pL8otSzgjLj6t,0.0,2a6e079d92a5e3681b2ed1d0b1978e21ee9bfe79fc0f541a4b463c970d43b1fc
2025-08-05 15:25:24,TK5vXQoczrzdeHJNC4Hzi5kXRXzhrSVtad,TRYtrEkTFiZbuuzt7o7ac7TVeEC5PLsnQa,30.36798,a82ea3a0ca775b565fb2248e52a3a4d51bf290894d570906f1b709d43a082ed8
2025-08-05 15:24:33,TVgPtJ2aAGyVJEsBVgxmdMyaiY2xSvLRdQ,TRYtrEkTFiZbuuzt7o7ac7TVeEC5PLsnQa,78.550001,5a62b2626b80c5761c179bb55f6a5363d1362e4a46d132347bfdaccde02f5523
2025-08-05 15:24:24,TYJA6CPXuAaUWe2eWip639uQv4MEWMu42g,TRYtrEkTFiZbuuzt7o7ac7TVeEC5PLsnQa,86.908327,f4e3b38702eadc286304dff64fce655de8233ae7d0c4f31dcb7ed0b18a2a33e5
2025-08-05 15:24:03,TF9p378NugSojfeB1F43Z4FFCy7dibjNx7,TRYtrEkTFiZbuuzt7o7ac7TVeEC5PLsnQa,109.661593,0dab9159df5391fa86260d3fd3b6e38df17d9b967a18ddf671972f8b2847e6d2
2025-08-05 15:22:48,TEusxZ2418R9fQM8AebyojtJb3iR6N1tY1,TRYtrEkTFiZbuuzt7o7ac7TVeEC5PLsnQa,1699.525732,7353896e582066ffdc4a884e25f7d1e6f1b3398f75e4daf68c5d02429cbb09d1
2025-08-05 15:21:30,TSYNCACH4CD2gGySybA82UPHmLVggX2asB,TRYtrEkTFiZbuuzt7o7ac7TVeEC5PLsnQa,1280.000024,bebe3507aa5eb6a589afa096fecf0709e4fe9c6d461bf5e03541507369edcc05
2025-08-05 15:21:27,TCv5mzb7SuQEPeNAC5BmjZK3q61VzGRHL7,TRYtrEkTFiZbuuzt7o7ac7TVeEC5PLsnQa,1330.000006,7875b9bec282a2a725e92be1a89017b27e990885bb724f357c19a22ba88d869e
2025-08-05 15:21:24,TNCxNosELgd1VW4bS1eaNHZoryyx9KvTar,TRYtrEkTFiZbuuzt7o7ac7TVeEC5PLsnQa,1340.000009,1cf70561f3ab8e37517d133e7013aa6775572bbc23bfc5278f6bd727e1addf28
2025-08-05 15:21:21,TKdBcszquQHNejCXa8aasiKGX8mrmFJ1kC,TRYtrEkTFiZbuuzt7o7ac7TVeEC5PLsnQa,2000.000004,14078158e3c32349260687c4eb7ac36961c1c3d04cf1af5bc0cba7072bbd6a27
2025-08-05 15:16:18,TRYtrEkTFiZbuuzt7o7ac7TVeEC5PLsnQa,TLbfufbt579RrMPkyh1mWVQUFfDFraw55b,35.859075,e5c18268c013968889c492396594674864423a6e447d6c278f7716efbdc5a3f3
2025-08-05 15:16:18,TRYtrEkTFiZbuuzt7o7ac7TVeEC5PLsnQa,TR7NHqjeKQxGTCi8q8ZY4pL8otSzgjLj6t,0.0,22386d05f03bcfe67c7989585259ff01cdefc28622ebbc8e1ea31d8da4a99e76
2025-08-05 15:16:15,TRYtrEkTFiZbuuzt7o7ac7TVeEC5PLsnQa,TR7NHqjeKQxGTCi8q8ZY4pL8otSzgjLj6t,0.0,6104941944bed81ab91650eea6249106ad64205c6bb255723788ae97a905f100
2025-08-05 15:16:12,TRYtrEkTFiZbuuzt7o7ac7TVeEC5PLsnQa,TR7NHqjeKQxGTCi8q8ZY4pL8otSzgjLj6t,0.0,1429f1d4709baf26ef9690d93c00aaecc73d0b3457d26f8d335d89eda81c394d
2025-08-05 15:16:09,TRYtrEkTFiZbuuzt7o7ac7TVeEC5PLsnQa,TR7NHqjeKQxGTCi8q8ZY4pL8otSzgjLj6t,0.0,64177a83aa6dbb1d256b5aa7a212baca076f7c7fb2f50db9e0ed856888fe9b12
2025-08-05 15:14:12,TEkQTvT7rqeGMNYxNWW54eWqCbdP4xpMDa,TRYtrEkTFiZbuuzt7o7ac7TVeEC5PLsnQa,225.592001,ceeae619c9f393386aab00f81328bfeeaf6b6f1c2cd70908280852516645c356
2025-08-05 15:13:36,TEv6oxxYrQ1KNn8B6Fnvj9yw4LNSsxY1hX,TRYtrEkTFiZbuuzt7o7ac7TVeEC5PLsnQa,169.128477,cb5614858c9ec4196a07813b6be43c35f166f20d4e6d639ba27e9bb1a5f662d9
2025-08-05 15:12:30,TRcjoNkcEexnQdYC89zKb3Hgc6xsoTVhwV,TRYtrEkTFiZbuuzt7o7ac7TVeEC5PLsnQa,675.78596,54ce91f66e1ff1635f5c17a55645bfffdd9d12ac7a827e5300192cb2950cb6da
2025-08-05 15:12:12,TLKjZbE3fwvefxn8ich5zwd98bCeSUyE6B,TRYtrEkTFiZbuuzt7o7ac7TVeEC5PLsnQa,458.216525,b17f535c7c7b87d5f44aa5771c48924af14869d197de6c7b0c5de02f46688fe6
2025-08-05 15:11:54,TXAFrzi4mCsApyGqSES4Rnq2SPY7DDSp4g,TRYtrEkTFiZbuuzt7o7ac7TVeEC5PLsnQa,530.566358,2dbef9ce5ad98b1d52a7204d14a461117b720889f916cb4f4f3feb4d292a50b2
2025-08-05 14:57:24,TRYtrEkTFiZbuuzt7o7ac7TVeEC5PLsnQa,TR7NHqjeKQxGTCi8q8ZY4pL8otSzgjLj6t,0.0,05b5c7df1e7b492f238d2844ccc8b745089d521147e80190d385f533ba71d9fb
2025-08-05 14:57:21,TRYtrEkTFiZbuuzt7o7ac7TVeEC5PLsnQa,TR7NHqjeKQxGTCi8q8ZY4pL8otSzgjLj6t,0.0,8e8e7388e25f83c0975c9fc45632fac01902676becf5bbf0c559488bd547229b
2025-08-05 14:56:03,TRYtrEkTFiZbuuzt7o7ac7TVeEC5PLsnQa,TR7NHqjeKQxGTCi8q8ZY4pL8otSzgjLj6t,0.0,411f907b6003fc62e686a37a902102bbf3e06886b5df7f7561a6c7ae8e1e2627
2025-08-05 14:56:03,TRYtrEkTFiZbuuzt7o7ac7TVeEC5PLsnQa,TR7NHqjeKQxGTCi8q8ZY4pL8otSzgjLj6t,0.0,c7eaaa5862d6a6c8bb7dbfe6daa72890589c14edaef563de7d579c047cf8f423
2025-08-05 14:56:00,TRYtrEkTFiZbuuzt7o7ac7TVeEC5PLsnQa,TR7NHqjeKQxGTCi8q8ZY4pL8otSzgjLj6t,0.0,276d14904193fadbc8560f1ddc96ca46f13cde60b900c7de1cfcd528e224210a
2025-08-05 14:55:57,TRYtrEkTFiZbuuzt7o7ac7TVeEC5PLsnQa,TR7NHqjeKQxGTCi8q8ZY4pL8otSzgjLj6t,0.0,570dd543e8af7754b94dd704416ea63736618a5e6adb8ed04cef099e27313f52
2025-08-05 14:55:54,TRYtrEkTFiZbuuzt7o7ac7TVeEC5PLsnQa,TR7NHqjeKQxGTCi8q8ZY4pL8otSzgjLj6t,0.0,fa7391a8f541b51dd05a43fca1fdc19b196fce40701460538f000970c46bee53
2025-08-05 14:55:54,TRYtrEkTFiZbuuzt7o7ac7TVeEC5PLsnQa,TR7NHqjeKQxGTCi8q8ZY4pL8otSzgjLj6t,0.0,617ccb3c9d1b2a3d57138bc6265ca185b2d5f2137c13465b64ea4e4a33a26df1
2025-08-05 14:55:27,TQuuZETk5YkbvKcwuyG1WraT6kMca4Rqk7,TRYtrEkTFiZbuuzt7o7ac7TVeEC5PLsnQa,20.264651,818a18e706ec6581deeca9fd29873c252aced3f46b80dfcb5fe5ab849eca0a37
2025-08-05 14:55:12,TMmxoddYrR2Cbm71zmJsqysBw965vjKp8g,TRYtrEkTFiZbuuzt7o7ac7TVeEC5PLsnQa,32.494913,f89c09356ddfff9682c5ec4eb9ebfd4683a6e63e555dabc2aab106191e1321dc
2025-08-05 14:54:54,TYHx9qdmnwXPYsxdKy9gPknWsDyztLHb77,TRYtrEkTFiZbuuzt7o7ac7TVeEC5PLsnQa,45.26703,f65e57aaeaab22c8ef42179f5137639e09d3fb580e97c4475ac0e802eecb9ffe
2025-08-05 14:54:33,TTrZmsNoguCQkwQF3AkVtH23bSFJbmSSYQ,TRYtrEkTFiZbuuzt7o7ac7TVeEC5PLsnQa,54.2,e5c317ea00c44b73b46793459ba517a81923c07423a1f274d79c11304a3acc55
2025-08-05 14:54:30,TYBvmGSqraevPn8fTugf5RHfBRhSjURMrX,TRYtrEkTFiZbuuzt7o7ac7TVeEC5PLsnQa,54.704292,e73aac546a2e252821858fcf67f67793a51718873bf019f204c216dfb415703f
2025-08-05 14:53:57,TDBeADqB6cWcSDXPF7AwPXx94NjVZ4Mmh1,TRYtrEkTFiZbuuzt7o7ac7TVeEC5PLsnQa,89.409501,398f724ce4227e96ae1bd4c1ea1900c033b55481a61a43533791671203783b28
2025-08-05 14:52:09,TPfMhTMddta6EnpHRispYtm1VWLjwSiGGJ,TRYtrEkTFiZbuuzt7o7ac7TVeEC5PLsnQa,357.0,6d9de6703ad62dc40652b7dd591c7af7ac8d13d8dcdcc8cd87f3f3ade847812f
2025-08-05 14:51:24,TAQQUS9VJR1quc3uaF3eSsLw6zAnrUNCq7,TRYtrEkTFiZbuuzt7o7ac7TVeEC5PLsnQa,732.266001,8e6e19808f82062a340c047d3212e1cefb625b64c24602747c679daa282b94c5
2025-08-05 14:51:09,TUUEAZ3v8ZJGJgYh7gQ1kn6F65rgkgUwmh,TRYtrEkTFiZbuuzt7o7ac7TVeEC5PLsnQa,1072.055828,f6b4344e784735bf884bf72d4bcd7f532e72f49e03291592f49a380660bc44dc
2025-08-05 14:51:06,TW9FPAvbCU2PazURhCjCNv5quBWzhZQyGk,TRYtrEkTFiZbuuzt7o7ac7TVeEC5PLsnQa,1118.820934,21f98d1c728979c952bcbf56e09d4b9d7d9fda42bb9f4536148a01ba8416599d
2025-08-05 14:50:51,TBaq2R8xknWhYCXimQCeuNayw3T6gTLSda,TRYtrEkTFiZbuuzt7o7ac7TVeEC5PLsnQa,4814.603807,ad0a33e7d4749ff13de9d8874b09887520c2950061b7b3de7f92929ba1bbc513
2025-08-05 14:45:42,TRYtrEkTFiZbuuzt7o7ac7TVeEC5PLsnQa,T9yE17wLZonr5f71khJx9dQvRUq3sQ2h4W,35.859075,b26cb177ec401785ffc8d516ffd16565dc457ff909926da4149ed4743eed316d
2025-08-05 14:45:42,TRYtrEkTFiZbuuzt7o7ac7TVeEC5PLsnQa,TTdNkDcVfJ4GTdWbX87couoQoCTsAdaw1J,35.859075,f89c3b21efc8503f18fd6ffceb78cde160d6450efbf50b073938439e178e54c7
2025-08-05 14:45:39,TRYtrEkTFiZbuuzt7o7ac7TVeEC5PLsnQa,TR7NHqjeKQxGTCi8q8ZY4pL8otSzgjLj6t,0.0,f2ea2350c38c6e22742640fe3e34f979f05c6ee72cc7204e95aa7c2a87202ae3
2025-08-05 14:45:36,TRYtrEkTFiZbuuzt7o7ac7TVeEC5PLsnQa,TR7NHqjeKQxGTCi8q8ZY4pL8otSzgjLj6t,0.0,e39ae8b988a6d988c06052a70ea4d7db646a94d42b3983f3727ed3cb38af4733
2025-08-05 14:45:33,TRYtrEkTFiZbuuzt7o7ac7TVeEC5PLsnQa,TR7NHqjeKQxGTCi8q8ZY4pL8otSzgjLj6t,0.0,bbfaf657559b24ad30dd43b189610ba0f3d99326b6e35e5caa2c1703bb939004
2025-08-05 14:45:33,TRYtrEkTFiZbuuzt7o7ac7TVeEC5PLsnQa,TR7NHqjeKQxGTCi8q8ZY4pL8otSzgjLj6t,0.0,d35a31883cafe4754ca87d0f057f2047fbe3e07d138afd9c03c0f403ebcc0428
2025-08-05 14:45:30,TRYtrEkTFiZbuuzt7o7ac7TVeEC5PLsnQa,TR7NHqjeKQxGTCi8q8ZY4pL8otSzgjLj6t,0.0,f841632d9d471feae9410d634993082bfe4bb45b471dbb0b498c7f3db91d0a38
2025-08-05 14:45:27,TRYtrEkTFiZbuuzt7o7ac7TVeEC5PLsnQa,TR7NHqjeKQxGTCi8q8ZY4pL8otSzgjLj6t,0.0,9741a08dc955f66a97c0b24d08fe1faa25362caaa2e6d216ceebf85c0e7d3732
2025-08-05 14:43:27,TU4Qyp1LM4QYGWurrCkjrhs27aNFAQU96j,TRYtrEkTFiZbuuzt7o7ac7TVeEC5PLsnQa,100.0,cf55432f1b689e5440df0c5f312a361933676ff8a8cf43f57b912ed403cdb0af
2025-08-05 14:42:57,TQYDQcJyqCRJ318C8dJ3vtwfXzT8PiJ8rn,TRYtrEkTFiZbuuzt7o7ac7TVeEC5PLsnQa,181.828025,6102b1e80be48847afcb4874fed912cbd995fd9997671a98743a6faad02d3235
2025-08-05 14:40:24,TRYtrEkTFiZbuuzt7o7ac7TVeEC5PLsnQa,TMuAFEbahMYiGpVVhJY7ebU7Ad19w38BbX,221867.51675,1e262d7836584aa12731bed3af6041b78c985f202c6a9b63810bb6685ebf841f
2025-08-05 14:37:06,TRYtrEkTFiZbuuzt7o7ac7TVeEC5PLsnQa,TR7NHqjeKQxGTCi8q8ZY4pL8otSzgjLj6t,0.0,342426eb5bde0fd019e21772a6580aa1669e7ecb1d19dbbbf35e7df2e21e57bd
2025-08-05 14:35:51,TRYtrEkTFiZbuuzt7o7ac7TVeEC5PLsnQa,T9yE17wLZonr5f71khJx9dQvRUq3sQ2h4W,35.859075,f7b6960321363d69b7eabafd5e5a9a93a94af2b0e3c0bb11492151f597efcca7
2025-08-05 14:35:48,TRYtrEkTFiZbuuzt7o7ac7TVeEC5PLsnQa,TR7NHqjeKQxGTCi8q8ZY4pL8otSzgjLj6t,0.0,25cd19049b2d0518fe3419465346ff6da06c228e44902b2dca8baa553e2b04ff
2025-08-05 14:35:45,TRYtrEkTFiZbuuzt7o7ac7TVeEC5PLsnQa,TTdNkDcVfJ4GTdWbX87couoQoCTsAdaw1J,35.859075,f5b474a2223cca2a835a937145fb2de0bfcf43050f7447c69715d878398ea1b0
2025-08-05 14:35:42,TRYtrEkTFiZbuuzt7o7ac7TVeEC5PLsnQa,TR7NHqjeKQxGTCi8q8ZY4pL8otSzgjLj6t,0.0,9e211d80dec2b6aed6a20d8a5bd25ef4147e7fef435aee1d3dea6a8722ab51e7
2025-08-05 14:35:42,TRYtrEkTFiZbuuzt7o7ac7TVeEC5PLsnQa,TR7NHqjeKQxGTCi8q8ZY4pL8otSzgjLj6t,0.0,99cc51ea8584b8a1a67378c8965f57b5a3c30a2476d1ccea7c132180cdd5fd07
2025-08-05 14:35:39,TRYtrEkTFiZbuuzt7o7ac7TVeEC5PLsnQa,TR7NHqjeKQxGTCi8q8ZY4pL8otSzgjLj6t,0.0,be6c537d524b79e02d09661d9d89284aed78a81e627a0fadd2009e4e5a564140
2025-08-05 14:35:36,TRYtrEkTFiZbuuzt7o7ac7TVeEC5PLsnQa,TR7NHqjeKQxGTCi8q8ZY4pL8otSzgjLj6t,0.0,6b129510e5369279385b3f546c85c577dc89d7a999526fc54d40fbad7783ee6f
2025-08-05 14:35:33,TRYtrEkTFiZbuuzt7o7ac7TVeEC5PLsnQa,TR7NHqjeKQxGTCi8q8ZY4pL8otSzgjLj6t,0.0,362fe752bc1c726cc79d4c607121f5845ec35faa23ad9cb162a123c2464f8e3e
2025-08-05 14:16:27,TRYtrEkTFiZbuuzt7o7ac7TVeEC5PLsnQa,TR7NHqjeKQxGTCi8q8ZY4pL8otSzgjLj6t,0.0,c022b07f98cf7a4d79d67be637c5dfebbf3e1ca57eadacb952e0611a1e20deda
2025-08-05 14:16:12,TDfPJofmKBcm1VrvQDq63UqG4HVLQy6ioF,TRYtrEkTFiZbuuzt7o7ac7TVeEC5PLsnQa,1e-06,13572fc7762dd58d3ebeedc48e7d41988f382f7a739f7e3fd44c9b7eb95a5b53
2025-08-05 14:15:09,TRYtrEkTFiZbuuzt7o7ac7TVeEC5PLsnQa,TR7NHqjeKQxGTCi8q8ZY4pL8otSzgjLj6t,0.0,16ac0941928a416749abd1aa06e2b617147b0b1ea5aa90f6336e654682b38562
2025-08-05 14:15:09,TRYtrEkTFiZbuuzt7o7ac7TVeEC5PLsnQa,TR7NHqjeKQxGTCi8q8ZY4pL8otSzgjLj6t,0.0,722e38b1156e5f21e96ad9b27033c6dbffae99c06d92ea368b4e8d5e6a5dbcfe
2025-08-05 14:15:06,TRYtrEkTFiZbuuzt7o7ac7TVeEC5PLsnQa,TR7NHqjeKQxGTCi8q8ZY4pL8otSzgjLj6t,0.0,139de2ebfdff771cc1d91277f48e9b86c7ae403480dfd802bfe84cb614f2e7bc
2025-08-05 14:15:03,TRYtrEkTFiZbuuzt7o7ac7TVeEC5PLsnQa,TR7NHqjeKQxGTCi8q8ZY4pL8otSzgjLj6t,0.0,711c3566130c6a9c97648c09b3f619c6eb756e862925d0383dfba40834a713b5
2025-08-05 14:15:00,TRYtrEkTFiZbuuzt7o7ac7TVeEC5PLsnQa,TR7NHqjeKQxGTCi8q8ZY4pL8otSzgjLj6t,0.0,1d74bf4109100b0d43c45fa8819225583bb2e718934c1c6d4ca0f55517b378cc
2025-08-05 14:15:00,TRYtrEkTFiZbuuzt7o7ac7TVeEC5PLsnQa,TR7NHqjeKQxGTCi8q8ZY4pL8otSzgjLj6t,0.0,c08e9dbe5321d58f95dd987e6ec8d878f7c0ef9dbfd0460702b525f42d3f7b83
2025-08-05 14:14:57,TRYtrEkTFiZbuuzt7o7ac7TVeEC5PLsnQa,TR7NHqjeKQxGTCi8q8ZY4pL8otSzgjLj6t,0.0,765ca7c5bcb2a678dc3715e909418edb33a1dbcf6925bc74211557e653003bd6
2025-08-05 14:14:54,TRYtrEkTFiZbuuzt7o7ac7TVeEC5PLsnQa,TLpPNCBL6uKrhttNdpyqY8QM9EtLnVhmRN,35.859075,a50881d9cab83c5f7362746cbc6c958ab38e6822d95729a3ff5ff331d347a71a
2025-08-05 14:14:51,TRYtrEkTFiZbuuzt7o7ac7TVeEC5PLsnQa,TR7NHqjeKQxGTCi8q8ZY4pL8otSzgjLj6t,0.0,f0d72ef26e4b026ed9733b84e369a4429748e8a70de1b84c18242bd938feff8e
2025-08-05 14:14:24,TBTse6PauzR3Yfd8arxzcpjvFwdSBjsPSD,TRYtrEkTFiZbuuzt7o7ac7TVeEC5PLsnQa,29.422564,6021cb5658f832ea1e85ae33cca858495b3f4a3041b92ea120578c3bf0ae684d
2025-08-05 14:13:30,TQzn84CjjjvxL2SUgSZHKRVtihrNLGAuKh,TRYtrEkTFiZbuuzt7o7ac7TVeEC5PLsnQa,65.998939,d197aab12a67e02d5e7e31f837f5b8b7ccef3f3df35ad04d080750bf663e8297
2025-08-05 14:13:24,TQ9mYBurQswG1mbBFDshemj19fYZyb9etW,TRYtrEkTFiZbuuzt7o7ac7TVeEC5PLsnQa,72.889002,87c1a5af28487af0b872c8a7ca20f8fe87e02994696ca6a92902c9e229896e7c
2025-08-05 14:13:09,TEjqdv5GepMqhBLFJvqWyNqfRKeJpwiPRg,TRYtrEkTFiZbuuzt7o7ac7TVeEC5PLsnQa,82.501893,5e82185b0792e1f49dbfb7407cf9350ea8cd5eb34c39b0023114601a21d920a2
2025-08-05 14:13:03,TUMJrnw4XdH3rc3HYyPYp7YeTMRK5pfgP1,TRYtrEkTFiZbuuzt7o7ac7TVeEC5PLsnQa,84.652809,dddb1de12b8f130e18643370e154d7178fd457a5ca8b1ce79ef213ec16f15b23
2025-08-05 14:12:48,TGqUuaqtw78cCnthJD7eNYfFqyoXcyJ5Vh,TRYtrEkTFiZbuuzt7o7ac7TVeEC5PLsnQa,99.071589,33192443445288a6bc04d0077d98f1a7ea4175bc948b5794ac0de311214fa240
2025-08-05 14:10:18,TJqRC2aQ4EmRXX4XqBWE5kc3T7YYmYoBbX,TRYtrEkTFiZbuuzt7o7ac7TVeEC5PLsnQa,2e-06,3241c1597c8f44cfa7ac68bc9e6cf6e2fea9d0960be292c2fd3db9bd0da3930b
2025-08-05 14:10:03,TRYtrEkTFiZbuuzt7o7ac7TVeEC5PLsnQa,TR7NHqjeKQxGTCi8q8ZY4pL8otSzgjLj6t,0.0,472b2d3fa8136423dfeb17739c695a01bee4a37a7d159e427df86f17ba3d5fbb
2025-08-05 14:06:03,TPL3W2WRFBMCpzsaeEt6QnLdYRjtwgHYwG,TRYtrEkTFiZbuuzt7o7ac7TVeEC5PLsnQa,1e-06,6eaa5ec94460abba3a27f50a5edfc12f4c8bf3b6b7376555639b59828e48db61
2025-08-05 13:53:39,TSDkLiU5s1i3eEKp8GZPSHcNRWSRVGC4Hi,TRYtrEkTFiZbuuzt7o7ac7TVeEC5PLsnQa,62.383278,a4fad4ff7f058005844d4d80d3b893c8323e5605b8f51ff96c4f02e19604cbcd
2025-08-05 13:53:09,TCSjHur67HHGdMk8s42bmkYhrxeGx6Ddjy,TRYtrEkTFiZbuuzt7o7ac7TVeEC5PLsnQa,89.809101,6d2b227192a1b2b3c725796ef9d6307e227f935d1602de672422e432753c07a6
2025-08-05 13:53:00,TYJA6CPXuAaUWe2eWip639uQv4MEWMu42g,TRYtrEkTFiZbuuzt7o7ac7TVeEC5PLsnQa,96.106793,b2f8527272cd0cb99e387fa9b2d5313383cef0e0554285b86b3acaf9bfb0eb23
2025-08-05 13:52:51,TEmPB5KJBRbXq6Wbsjy5VnRk5CtyXZ558G,TRYtrEkTFiZbuuzt7o7ac7TVeEC5PLsnQa,99.963402,7800f8fade4332b43be09ebda26bfc6c21e8a3e02a45da37038c1aae5a76546b
2025-08-05 13:51:24,TMbErej8oKS1o6anyE75VWor6b8mPomK1U,TRYtrEkTFiZbuuzt7o7ac7TVeEC5PLsnQa,332.631876,c7a3c21ef6d139d6f9926d76befbf7dd09d52fb364b242fe60d3bac94f50b790
2025-08-05 13:51:21,TF7pGnWy2gv3xCUgeRFFnbU95fZduR5VmG,TRYtrEkTFiZbuuzt7o7ac7TVeEC5PLsnQa,333.909881,8c3666fb5c463c54c1922a4d5dbea7b6dc10817a798212efbb1a7701fb85b75d
2025-08-05 13:50:21,TWCPG8eiXiUHizbE6c9kyCBM5h4x1at5bc,TRYtrEkTFiZbuuzt7o7ac7TVeEC5PLsnQa,1101.941712,7de5ed7733250fd9284c96948c245e123aaa20a68208abd5fe544dc0fa484a55
2025-08-05 13:45:06,TRYtrEkTFiZbuuzt7o7ac7TVeEC5PLsnQa,TR7NHqjeKQxGTCi8q8ZY4pL8otSzgjLj6t,0.0,1a69b2def278cc2272a0dfdcaf8ca569960d7eec2feb0d2df64e825ada8c4909
2025-08-05 13:45:06,TRYtrEkTFiZbuuzt7o7ac7TVeEC5PLsnQa,TR7NHqjeKQxGTCi8q8ZY4pL8otSzgjLj6t,0.0,3b3b2b1f1e3e117452fcba5c00f639f5f562d23a00dc590a7657e0a5a187bb0b
2025-08-05 13:45:03,TRYtrEkTFiZbuuzt7o7ac7TVeEC5PLsnQa,TR7NHqjeKQxGTCi8q8ZY4pL8otSzgjLj6t,0.0,61f4f152abd54f090200d3e91964d8340a47bbfa6f0b762739cf5f6dfd422892
2025-08-05 13:45:00,TRYtrEkTFiZbuuzt7o7ac7TVeEC5PLsnQa,TR7NHqjeKQxGTCi8q8ZY4pL8otSzgjLj6t,0.0,089c23a97308b83d4a2ed0037140a6a771b6a5e067f59aee36d52828eab1c1bb
2025-08-05 13:44:57,TRYtrEkTFiZbuuzt7o7ac7TVeEC5PLsnQa,TR7NHqjeKQxGTCi8q8ZY4pL8otSzgjLj6t,0.0,42d71310939b08360613c30783a6556ab640dbdbf2d13a5b83ceb3cb2b9fb8c4
2025-08-05 13:44:57,TTH4BfMnaKzxvqgSxU2NBD9fLQ7nvcZNac,TRYtrEkTFiZbuuzt7o7ac7TVeEC5PLsnQa,14.908643,4016d3193451855f5b1fadbbcac4594cdac4b4b34af0fb71be4927a31b7cae7e
2025-08-05 13:44:18,TVAS2mLHwzgUx6rhNyZCUjnahRy4NJzdGd,TRYtrEkTFiZbuuzt7o7ac7TVeEC5PLsnQa,36.243602,a0a4928ac9f93ef569daf90f95154931f467ef462fca33cb507ed1d0c254fff1
2025-08-05 13:43:36,TYwLnap24VkkPWjHY6N548ANY92KoXpEBz,TRYtrEkTFiZbuuzt7o7ac7TVeEC5PLsnQa,66.070292,83d2cf0bbfed935bdcbb8c515581aacf0e7e5d372df282887d0bbf7d058e54e6
2025-08-05 13:43:33,TCjdzy7V7VY9QNMX8LjEhHCxVYVtpbPWz9,TRYtrEkTFiZbuuzt7o7ac7TVeEC5PLsnQa,69.234857,a1c8f4b9ede7f6ef3700a6e99dfdfd22da58cc673cad06b022c7743347b19745
2025-08-05 13:43:15,TNVj79MaYB38iBgs7xz1ch4FhcreJbXCtm,TRYtrEkTFiZbuuzt7o7ac7TVeEC5PLsnQa,148.349571,f0ff726dad0c8faed65f722750f38006d289969c60abe1a6843d0d9223006831
2025-08-05 13:42:30,TTjhWQhFLxKXRDmAFmUA2yScou7oXaxpv4,TRYtrEkTFiZbuuzt7o7ac7TVeEC5PLsnQa,151.040622,49e83ade892d660751d7065cb39a87e031def391b6b85791acf641f6a5d6be49
2025-08-05 13:41:42,TJ2fMbJkwx24A54UJit5uAyCJZ82GVmbPd,TRYtrEkTFiZbuuzt7o7ac7TVeEC5PLsnQa,249.339751,02da20242f1c90b61eedcbf0ab2b693307b1ca38d863513f8a5beb1f6a636de3
2025-08-05 13:41:33,TUQeqeQXt9EZPDuBw4EiT5QDt52GotuuDz,TRYtrEkTFiZbuuzt7o7ac7TVeEC5PLsnQa,281.08897,5978e4ac36e3c3d57f908891690f5f9ff9daa6929860f080cf3de5a1f4652cab
2025-08-05 13:11:15,TDjEbnTfLie5aE4bs2MaHbWJiY5u3khoKk,TRYtrEkTFiZbuuzt7o7ac7TVeEC5PLsnQa,1221.200001,3a5a1f5166f3434622db2504ae10c65f29be2ddbc06b3f9cd65331e38a5db6e8
2025-08-05 13:05:39,TRYtrEkTFiZbuuzt7o7ac7TVeEC5PLsnQa,TR7NHqjeKQxGTCi8q8ZY4pL8otSzgjLj6t,0.0,74964a85e52d5441ee26ea21beedcb958cf087b163d7363f5f3f531bddfe668d
2025-08-05 13:05:39,TRYtrEkTFiZbuuzt7o7ac7TVeEC5PLsnQa,TR7NHqjeKQxGTCi8q8ZY4pL8otSzgjLj6t,0.0,fd238d74063d97a056e314031a425c0e8801d2aa2dac15b7b2dff27465aa6040
2025-08-05 13:05:36,TRYtrEkTFiZbuuzt7o7ac7TVeEC5PLsnQa,TR7NHqjeKQxGTCi8q8ZY4pL8otSzgjLj6t,0.0,552c5ffda709b8b157039565a46600af600dcb7018cb63e9c93048817d419b49
2025-08-05 13:05:33,TRYtrEkTFiZbuuzt7o7ac7TVeEC5PLsnQa,TR7NHqjeKQxGTCi8q8ZY4pL8otSzgjLj6t,0.0,2faadc509d1dfefec773109e294236768f31efbaae30a095949b6a66097ee85a
2025-08-05 13:05:03,TK5vXQoczrzdeHJNC4Hzi5kXRXzhrSVtad,TRYtrEkTFiZbuuzt7o7ac7TVeEC5PLsnQa,29.970001,231615b6bb13c93ed061fddf3495defaf5b63390cb4d3e2b43157dda8ec661b9
2025-08-05 13:04:12,TXEMpNyeFATYFvURobRZMhhSD5yVQHBfGw,TRYtrEkTFiZbuuzt7o7ac7TVeEC5PLsnQa,64.219781,2ac3da89f7bd4033d5db967142e9c44005fc6b5a9a58bc59de095600b42f0ea1
2025-08-05 13:03:30,TDCzcb6Ctbk7BM2mww92QYwpN964DzStdx,TRYtrEkTFiZbuuzt7o7ac7TVeEC5PLsnQa,198.920107,ebe4d9cf1a7cc1337af56d24e0dfdf9a7cafc3c8bbdb2116037c1e4b60488f96
2025-08-05 13:03:24,TUH6YaEkBaZQNkKK3Q694yXrsAnGhibTsa,TRYtrEkTFiZbuuzt7o7ac7TVeEC5PLsnQa,146.18568,ac21b5935abfc15eec994e2e115da0f06f1f26baf438950db0db9a4a041d38c7
2025-08-05 12:55:36,TRYtrEkTFiZbuuzt7o7ac7TVeEC5PLsnQa,TR7NHqjeKQxGTCi8q8ZY4pL8otSzgjLj6t,0.0,e19abcd888fe47ec7ec9256b0ed2db65d1915c8de3f58017632112e21a7ef465
2025-08-05 12:55:33,TRYtrEkTFiZbuuzt7o7ac7TVeEC5PLsnQa,TR7NHqjeKQxGTCi8q8ZY4pL8otSzgjLj6t,0.0,5a53263f58840f0baa92f4ffccc3f432168d099271092933b3d7ffcbf25b4a67
2025-08-05 12:55:30,TRYtrEkTFiZbuuzt7o7ac7TVeEC5PLsnQa,TR7NHqjeKQxGTCi8q8ZY4pL8otSzgjLj6t,0.0,25f1cd99231024335c485ab344071c6c0844990b4d72803e7878b49f584b5405
2025-08-05 12:55:30,TRYtrEkTFiZbuuzt7o7ac7TVeEC5PLsnQa,TR7NHqjeKQxGTCi8q8ZY4pL8otSzgjLj6t,0.0,d893f766b72f2084f705a5deaee2902ac222711280b6e80509810db0414e13d9
2025-08-05 12:55:27,TRYtrEkTFiZbuuzt7o7ac7TVeEC5PLsnQa,TR7NHqjeKQxGTCi8q8ZY4pL8otSzgjLj6t,0.0,5e2e293affa96c42a230542081b1f705b4147c4a9894279d12a13ffadb4d9cbd
2025-08-05 12:55:24,TRYtrEkTFiZbuuzt7o7ac7TVeEC5PLsnQa,TR7NHqjeKQxGTCi8q8ZY4pL8otSzgjLj6t,0.0,702deb6ff52f7341e4edfede48bbb675ff33d0e69972e68624b19f3b5e12a5ac
2025-08-05 12:55:21,TRYtrEkTFiZbuuzt7o7ac7TVeEC5PLsnQa,TR7NHqjeKQxGTCi8q8ZY4pL8otSzgjLj6t,0.0,27ac0275582fc1206557ad5f89ba100540f337555f7eeec2cf83b51ee690f401
2025-08-05 12:55:21,TRYtrEkTFiZbuuzt7o7ac7TVeEC5PLsnQa,TR7NHqjeKQxGTCi8q8ZY4pL8otSzgjLj6t,0.0,4fb2d355caeb1c45c2bfa68189ea88b0d259f4676aa5d1c4e52afd83968dd37f
2025-08-05 12:55:09,THJwCs13KMmGp7sodGhKDYTHo5TtyZPNq2,TRYtrEkTFiZbuuzt7o7ac7TVeEC5PLsnQa,50.76771,69ebd0a79f313e2512c100e69062e433d2341fc10241d4cdffa8e89140ce3641
2025-08-05 12:54:03,TRgBAf52yBLxazEhBWDoYrX7bgS1FD7Kqd,TRYtrEkTFiZbuuzt7o7ac7TVeEC5PLsnQa,65.733201,bee0833ef89b585a73fd07b5111733fd50950037923c84dbffa8ce40e9fb069e
2025-08-05 12:52:18,TNczc7hJUHFY2v7RgiamdKd3Xni3DzaDkp,TRYtrEkTFiZbuuzt7o7ac7TVeEC5PLsnQa,286.717249,6372b9a498ee52d918b92985d0c4e783f9b1ad3984978eb8186e62e60289712d
2025-08-05 12:22:06,THWdfMARJqbB11HLm137xDy7r1c3swPTdL,TRYtrEkTFiZbuuzt7o7ac7TVeEC5PLsnQa,272.706027,aba7399983b71794b576b849d8f3baa6a429b45273d1d645c828bbc4351878e1
2025-08-05 12:21:45,TUWeNJj2h4r1sVL8pss1ZPPSGfExBDrwy1,TRYtrEkTFiZbuuzt7o7ac7TVeEC5PLsnQa,423.965734,ee6c0f1a121eaa9c746f552c6f61f55ad82c5be797452cbe1bbfb5bebfe1ad2c
2025-08-05 12:20:42,TE436y2Ta41M9Ape219CozvekMvzNzRfP2,TRYtrEkTFiZbuuzt7o7ac7TVeEC5PLsnQa,1497.69986,84c7d11bee3fd503e08eff74ca3a59fea2868e7232a0f23d10b49373fca29d8c
2025-08-05 12:20:09,TBbGZGqFAQDbAvawHtmfB6PEqjJ5ZppCpK,TRYtrEkTFiZbuuzt7o7ac7TVeEC5PLsnQa,7362.937502,75ad62da2a900cd06e10857e4eceb899fe1bfca526a056dcb48f47cab13ad47d
2025-08-05 12:15:57,TP768FpYKJmT1MjY5i8R7nwbjWgZWQFogL,TRYtrEkTFiZbuuzt7o7ac7TVeEC5PLsnQa,1e-06,47f879ed47477484a5c718aeb13ca6f0f6e50ce264e1f6ba97399be4d2699e0a
2025-08-05 12:15:03,TRYtrEkTFiZbuuzt7o7ac7TVeEC5PLsnQa,TR7NHqjeKQxGTCi8q8ZY4pL8otSzgjLj6t,0.0,9035b9eeb77fbd65b891593b00db6b30cb6cf776cc9115487f07a291eeaa48be
2025-08-05 12:15:00,TRYtrEkTFiZbuuzt7o7ac7TVeEC5PLsnQa,TR7NHqjeKQxGTCi8q8ZY4pL8otSzgjLj6t,0.0,fe78184dc8143365b8e63353cd523073d937a4c93dad555c7922e1f3cfb595f6
2025-08-05 12:15:00,TRYtrEkTFiZbuuzt7o7ac7TVeEC5PLsnQa,TR7NHqjeKQxGTCi8q8ZY4pL8otSzgjLj6t,0.0,b7c936fe0259c5fd4ab6846c7e683975e825e4f41d6d9ed1a22828b8d6052bad
2025-08-05 12:14:57,TRYtrEkTFiZbuuzt7o7ac7TVeEC5PLsnQa,TLpXZgmAZLRM36uDGPhs6fCTd5sZvk5C7M,35.859075,01fa9ea9ebd9aba3ba8803458c64b24fdaec2660f037721b1f3f22099848a1f8
2025-08-05 12:14:54,TRYtrEkTFiZbuuzt7o7ac7TVeEC5PLsnQa,TR7NHqjeKQxGTCi8q8ZY4pL8otSzgjLj6t,0.0,f60c4fde84cfbe602d2f496098136f2a549aabbfe0d383318d51150150406942
2025-08-05 12:14:51,TRYtrEkTFiZbuuzt7o7ac7TVeEC5PLsnQa,TR7NHqjeKQxGTCi8q8ZY4pL8otSzgjLj6t,0.0,315882ea4e54b83ce3e85f42df83b82519989495dfecdbe69eb199793caf9738
2025-08-05 12:14:51,TRYtrEkTFiZbuuzt7o7ac7TVeEC5PLsnQa,TR7NHqjeKQxGTCi8q8ZY4pL8otSzgjLj6t,0.0,e456fc79167eb332698bd276ebfcf6e08405b7677e44f10abca9949756bdd70b
2025-08-05 12:14:42,TDmPCun7czf9MbZgSnb11LcKU5uCG7WFte,TRYtrEkTFiZbuuzt7o7ac7TVeEC5PLsnQa,50.76771,e89f5146cca1a9834036c7f9c69f336a59a7c47385ccf588d2d5c8cd2bb1e51e
2025-08-05 12:14:42,TQMkTZizDkdtjRBjinenvUvnRSETauiA6u,TRYtrEkTFiZbuuzt7o7ac7TVeEC5PLsnQa,14.908643,6786f66f5e14a6ec9003e21d08520a9fddef5010fa95376724e6c70bff28c0a9
2025-08-05 12:14:33,THPpUD15ZoohPcizi21cjga2fme8A5x2A3,TRYtrEkTFiZbuuzt7o7ac7TVeEC5PLsnQa,3.29984,27aef1b85304ada3016f079b183c38d2ed58072352da1d37d9737c38a9304e92
2025-08-05 12:14:30,TN1bbcvSsxwyq4iCQXbndSsDmyvYaJfND5,TRYtrEkTFiZbuuzt7o7ac7TVeEC5PLsnQa,6.413548,d27379dc5b210cb6e128ef23cfcb24c3adf7c17099e613cb2b8ab1c7047ab7cc
2025-08-05 12:14:18,TKthUD5jk2DrH9TQ2eAjajpNSAN6v4gZwg,TRYtrEkTFiZbuuzt7o7ac7TVeEC5PLsnQa,29.0,4d42f8afc0186e0b23afc7e95acc31688bc6af2bc6836db63a037fc580097169
2025-08-05 12:14:09,TMB9gkhxi4zyaLoU41Dnqs7VE7peXozZ1x,TRYtrEkTFiZbuuzt7o7ac7TVeEC5PLsnQa,36.190829,33004233068eed7f6491884849ccb0c947f871017000f1f338c13f8bae9317e9
2025-08-05 12:13:30,TMzMdkmwGHEKRzJDGwE5dbpRamXoctBXB4,TRYtrEkTFiZbuuzt7o7ac7TVeEC5PLsnQa,57.500015,39f3151488a4a62e5427043b4c1281eb567b34d0f59cc09146b31bfefb1b9b1e
2025-08-05 12:13:27,TQbwyVusCPHNbdyRpiRqthU3kBnNLDgbV8,TRYtrEkTFiZbuuzt7o7ac7TVeEC5PLsnQa,62.68214,a19bf489f2beec66fa8b2aa56c4d4701ded3e565be61e1d64e0b62dc0a6caa89
